Distribution,Operation,BatchSize,Strategy,MedianTime_us
Uniform,PDF,8,SCALAR,0.575000
Uniform,PDF,8,VECTORIZED,0.131000
Uniform,PDF,8,PARALLEL,0.143000
Uniform,PDF,8,WORK_STEALING,0.139000
Uniform,LogPDF,8,SCALAR,0.556000
Uniform,LogPDF,8,VECTORIZED,0.138000
Uniform,LogPDF,8,PARALLEL,0.148000
Uniform,LogPDF,8,WORK_STEALING,0.278000
Uniform,CDF,8,SCALAR,0.707000
Uniform,CDF,8,VECTORIZED,0.291000
Uniform,CDF,8,PARALLEL,0.225000
Uniform,CDF,8,WORK_STEALING,0.295000
Uniform,PDF,16,SCALAR,1.277000
Uniform,PDF,16,VECTORIZED,0.182000
Uniform,PDF,16,PARALLEL,0.215000
Uniform,PDF,16,WORK_STEALING,0.269000
Uniform,LogPDF,16,SCALAR,1.344000
Uniform,LogPDF,16,VECTORIZED,0.192000
Uniform,LogPDF,16,PARALLEL,0.256000
Uniform,LogPDF,16,WORK_STEALING,0.300000
Uniform,CDF,16,SCALAR,1.411000
Uniform,CDF,16,VECTORIZED,0.342000
Uniform,CDF,16,PARALLEL,0.254000
Uniform,CDF,16,WORK_STEALING,0.266000
Uniform,PDF,32,SCALAR,2.679000
Uniform,PDF,32,VECTORIZED,0.205000
Uniform,PDF,32,PARALLEL,0.266000
Uniform,PDF,32,WORK_STEALING,0.295000
Uniform,LogPDF,32,SCALAR,2.624000
Uniform,LogPDF,32,VECTORIZED,0.227000
Uniform,LogPDF,32,PARALLEL,0.273000
Uniform,LogPDF,32,WORK_STEALING,0.306000
Uniform,CDF,32,SCALAR,2.670000
Uniform,CDF,32,VECTORIZED,0.460000
Uniform,CDF,32,PARALLEL,0.309000
Uniform,CDF,32,WORK_STEALING,0.349000
Uniform,PDF,64,SCALAR,4.563000
Uniform,PDF,64,VECTORIZED,0.228000
Uniform,PDF,64,PARALLEL,0.329000
Uniform,PDF,64,WORK_STEALING,0.315000
Uniform,LogPDF,64,SCALAR,4.299000
Uniform,LogPDF,64,VECTORIZED,0.168000
Uniform,LogPDF,64,PARALLEL,0.229000
Uniform,LogPDF,64,WORK_STEALING,0.169000
Uniform,CDF,64,SCALAR,5.222000
Uniform,CDF,64,VECTORIZED,0.452000
Uniform,CDF,64,PARALLEL,0.379000
Uniform,CDF,64,WORK_STEALING,0.417000
Uniform,PDF,128,SCALAR,10.458000
Uniform,PDF,128,VECTORIZED,0.295000
Uniform,PDF,128,PARALLEL,0.465000
Uniform,PDF,128,WORK_STEALING,0.328000
Uniform,LogPDF,128,SCALAR,10.057000
Uniform,LogPDF,128,VECTORIZED,0.318000
Uniform,LogPDF,128,PARALLEL,0.548000
Uniform,LogPDF,128,WORK_STEALING,0.381000
Uniform,CDF,128,SCALAR,10.436000
Uniform,CDF,128,VECTORIZED,0.595000
Uniform,CDF,128,PARALLEL,0.588000
Uniform,CDF,128,WORK_STEALING,0.632000
Uniform,PDF,256,SCALAR,20.562000
Uniform,PDF,256,VECTORIZED,0.392000
Uniform,PDF,256,PARALLEL,0.828000
Uniform,PDF,256,WORK_STEALING,0.475000
Uniform,LogPDF,256,SCALAR,18.397000
Uniform,LogPDF,256,VECTORIZED,0.461000
Uniform,LogPDF,256,PARALLEL,0.868000
Uniform,LogPDF,256,WORK_STEALING,0.467000
Uniform,CDF,256,SCALAR,20.694000
Uniform,CDF,256,VECTORIZED,0.523000
Uniform,CDF,256,PARALLEL,0.539000
Uniform,CDF,256,WORK_STEALING,0.444000
Uniform,PDF,512,SCALAR,34.860000
Uniform,PDF,512,VECTORIZED,0.462000
Uniform,PDF,512,PARALLEL,1.069000
Uniform,PDF,512,WORK_STEALING,0.542000
Uniform,LogPDF,512,SCALAR,32.281000
Uniform,LogPDF,512,VECTORIZED,0.575000
Uniform,LogPDF,512,PARALLEL,1.280000
Uniform,LogPDF,512,WORK_STEALING,0.595000
Uniform,CDF,512,SCALAR,35.064000
Uniform,CDF,512,VECTORIZED,1.093000
Uniform,CDF,512,PARALLEL,0.799000
Uniform,CDF,512,WORK_STEALING,0.646000
Uniform,PDF,1000,SCALAR,65.445000
Uniform,PDF,1000,VECTORIZED,0.771000
Uniform,PDF,1000,PARALLEL,1.954000
Uniform,PDF,1000,WORK_STEALING,0.848000
Uniform,LogPDF,1000,SCALAR,65.839000
Uniform,LogPDF,1000,VECTORIZED,0.959000
Uniform,LogPDF,1000,PARALLEL,2.442000
Uniform,LogPDF,1000,WORK_STEALING,0.844000
Uniform,CDF,1000,SCALAR,67.333000
Uniform,CDF,1000,VECTORIZED,1.852000
Uniform,CDF,1000,PARALLEL,1.489000
Uniform,CDF,1000,WORK_STEALING,2.236000
Uniform,PDF,2000,SCALAR,121.171000
Uniform,PDF,2000,VECTORIZED,1.350000
Uniform,PDF,2000,PARALLEL,2.015000
Uniform,PDF,2000,WORK_STEALING,0.854000
Uniform,LogPDF,2000,SCALAR,115.567000
Uniform,LogPDF,2000,VECTORIZED,1.677000
Uniform,LogPDF,2000,PARALLEL,5.268000
Uniform,LogPDF,2000,WORK_STEALING,0.863000
Uniform,CDF,2000,SCALAR,125.523000
Uniform,CDF,2000,VECTORIZED,4.754000
Uniform,CDF,2000,PARALLEL,5.367000
Uniform,CDF,2000,WORK_STEALING,4.694000
Uniform,PDF,5000,SCALAR,294.000000
Uniform,PDF,5000,VECTORIZED,3.160000
Uniform,PDF,5000,PARALLEL,47.071000
Uniform,PDF,5000,WORK_STEALING,26.734000
Uniform,LogPDF,5000,SCALAR,285.688000
Uniform,LogPDF,5000,VECTORIZED,3.810000
Uniform,LogPDF,5000,PARALLEL,52.203000
Uniform,LogPDF,5000,WORK_STEALING,20.367000
Uniform,CDF,5000,SCALAR,291.140000
Uniform,CDF,5000,VECTORIZED,13.004000
Uniform,CDF,5000,PARALLEL,51.054000
Uniform,CDF,5000,WORK_STEALING,19.673000
Uniform,PDF,10000,SCALAR,582.847000
Uniform,PDF,10000,VECTORIZED,6.284000
Uniform,PDF,10000,PARALLEL,87.022000
Uniform,PDF,10000,WORK_STEALING,27.718000
Uniform,LogPDF,10000,SCALAR,567.083000
Uniform,LogPDF,10000,VECTORIZED,7.489000
Uniform,LogPDF,10000,PARALLEL,83.305000
Uniform,LogPDF,10000,WORK_STEALING,25.330000
Uniform,CDF,10000,SCALAR,589.700000
Uniform,CDF,10000,VECTORIZED,38.171000
Uniform,CDF,10000,PARALLEL,92.296000
Uniform,CDF,10000,WORK_STEALING,28.363000
Uniform,PDF,20000,SCALAR,1180.011000
Uniform,PDF,20000,VECTORIZED,10.194000
Uniform,PDF,20000,PARALLEL,139.147000
Uniform,PDF,20000,WORK_STEALING,38.061000
Uniform,LogPDF,20000,SCALAR,1254.580000
Uniform,LogPDF,20000,VECTORIZED,11.028000
Uniform,LogPDF,20000,PARALLEL,142.835000
Uniform,LogPDF,20000,WORK_STEALING,35.878000
Uniform,CDF,20000,SCALAR,1308.494000
Uniform,CDF,20000,VECTORIZED,114.316000
Uniform,CDF,20000,PARALLEL,147.620000
Uniform,CDF,20000,WORK_STEALING,39.174000
Uniform,PDF,50000,SCALAR,3218.146000
Uniform,PDF,50000,VECTORIZED,37.992000
Uniform,PDF,50000,PARALLEL,232.942000
Uniform,PDF,50000,WORK_STEALING,68.675000
Uniform,LogPDF,50000,SCALAR,3136.259000
Uniform,LogPDF,50000,VECTORIZED,41.376000
Uniform,LogPDF,50000,PARALLEL,231.295000
Uniform,LogPDF,50000,WORK_STEALING,65.579000
Uniform,CDF,50000,SCALAR,3104.694000
Uniform,CDF,50000,VECTORIZED,270.618000
Uniform,CDF,50000,PARALLEL,226.690000
Uniform,CDF,50000,WORK_STEALING,68.871000
Uniform,PDF,100000,SCALAR,6159.961000
Uniform,PDF,100000,VECTORIZED,80.621000
Uniform,PDF,100000,PARALLEL,246.306000
Uniform,PDF,100000,WORK_STEALING,111.782000
Uniform,LogPDF,100000,SCALAR,6133.268000
Uniform,LogPDF,100000,VECTORIZED,82.751000
Uniform,LogPDF,100000,PARALLEL,246.681000
Uniform,LogPDF,100000,WORK_STEALING,140.192000
Uniform,CDF,100000,SCALAR,5990.628000
Uniform,CDF,100000,VECTORIZED,569.441000
Uniform,CDF,100000,PARALLEL,259.885000
Uniform,CDF,100000,WORK_STEALING,133.885000
Uniform,PDF,250000,SCALAR,14728.921000
Uniform,PDF,250000,VECTORIZED,155.432000
Uniform,PDF,250000,PARALLEL,479.054000
Uniform,PDF,250000,WORK_STEALING,389.541000
Uniform,LogPDF,250000,SCALAR,14511.750000
Uniform,LogPDF,250000,VECTORIZED,200.611000
Uniform,LogPDF,250000,PARALLEL,447.207000
Uniform,LogPDF,250000,WORK_STEALING,345.203000
Uniform,CDF,250000,SCALAR,14895.358000
Uniform,CDF,250000,VECTORIZED,1395.982000
Uniform,CDF,250000,PARALLEL,498.651000
Uniform,CDF,250000,WORK_STEALING,303.761000
Uniform,PDF,500000,SCALAR,29749.137000
Uniform,PDF,500000,VECTORIZED,446.261000
Uniform,PDF,500000,PARALLEL,868.807000
Uniform,PDF,500000,WORK_STEALING,487.857000
Uniform,LogPDF,500000,SCALAR,29022.239000
Uniform,LogPDF,500000,VECTORIZED,484.381000
Uniform,LogPDF,500000,PARALLEL,948.402000
Uniform,LogPDF,500000,WORK_STEALING,530.778000
Uniform,CDF,500000,SCALAR,29842.841000
Uniform,CDF,500000,VECTORIZED,3063.196000
Uniform,CDF,500000,PARALLEL,935.017000
Uniform,CDF,500000,WORK_STEALING,601.362000
Gaussian,PDF,8,SCALAR,0.663000
Gaussian,PDF,8,VECTORIZED,0.347000
Gaussian,PDF,8,PARALLEL,0.249000
Gaussian,PDF,8,WORK_STEALING,0.266000
Gaussian,LogPDF,8,SCALAR,0.477000
Gaussian,LogPDF,8,VECTORIZED,0.244000
Gaussian,LogPDF,8,PARALLEL,0.146000
Gaussian,LogPDF,8,WORK_STEALING,0.202000
Gaussian,CDF,8,SCALAR,0.876000
Gaussian,CDF,8,VECTORIZED,0.381000
Gaussian,CDF,8,PARALLEL,0.482000
Gaussian,CDF,8,WORK_STEALING,0.546000
Gaussian,PDF,16,SCALAR,1.269000
Gaussian,PDF,16,VECTORIZED,0.389000
Gaussian,PDF,16,PARALLEL,0.340000
Gaussian,PDF,16,WORK_STEALING,0.400000
Gaussian,LogPDF,16,SCALAR,0.957000
Gaussian,LogPDF,16,VECTORIZED,0.277000
Gaussian,LogPDF,16,PARALLEL,0.153000
Gaussian,LogPDF,16,WORK_STEALING,0.207000
Gaussian,CDF,16,SCALAR,1.820000
Gaussian,CDF,16,VECTORIZED,0.473000
Gaussian,CDF,16,PARALLEL,0.941000
Gaussian,CDF,16,WORK_STEALING,1.004000
Gaussian,PDF,32,SCALAR,2.433000
Gaussian,PDF,32,VECTORIZED,0.859000
Gaussian,PDF,32,PARALLEL,0.539000
Gaussian,PDF,32,WORK_STEALING,0.599000
Gaussian,LogPDF,32,SCALAR,1.865000
Gaussian,LogPDF,32,VECTORIZED,0.270000
Gaussian,LogPDF,32,PARALLEL,0.171000
Gaussian,LogPDF,32,WORK_STEALING,0.217000
Gaussian,CDF,32,SCALAR,3.402000
Gaussian,CDF,32,VECTORIZED,0.676000
Gaussian,CDF,32,PARALLEL,1.616000
Gaussian,CDF,32,WORK_STEALING,1.659000
Gaussian,PDF,64,SCALAR,4.946000
Gaussian,PDF,64,VECTORIZED,1.136000
Gaussian,PDF,64,PARALLEL,0.934000
Gaussian,PDF,64,WORK_STEALING,0.961000
Gaussian,LogPDF,64,SCALAR,3.676000
Gaussian,LogPDF,64,VECTORIZED,0.304000
Gaussian,LogPDF,64,PARALLEL,0.185000
Gaussian,LogPDF,64,WORK_STEALING,0.225000
Gaussian,CDF,64,SCALAR,6.864000
Gaussian,CDF,64,VECTORIZED,1.055000
Gaussian,CDF,64,PARALLEL,3.162000
Gaussian,CDF,64,WORK_STEALING,3.200000
Gaussian,PDF,128,SCALAR,9.499000
Gaussian,PDF,128,VECTORIZED,1.150000
Gaussian,PDF,128,PARALLEL,1.701000
Gaussian,PDF,128,WORK_STEALING,1.774000
Gaussian,LogPDF,128,SCALAR,7.338000
Gaussian,LogPDF,128,VECTORIZED,0.353000
Gaussian,LogPDF,128,PARALLEL,0.219000
Gaussian,LogPDF,128,WORK_STEALING,0.265000
Gaussian,CDF,128,SCALAR,13.324000
Gaussian,CDF,128,VECTORIZED,1.861000
Gaussian,CDF,128,PARALLEL,6.130000
Gaussian,CDF,128,WORK_STEALING,6.148000
Gaussian,PDF,256,SCALAR,19.157000
Gaussian,PDF,256,VECTORIZED,1.971000
Gaussian,PDF,256,PARALLEL,3.259000
Gaussian,PDF,256,WORK_STEALING,3.337000
Gaussian,LogPDF,256,SCALAR,14.572000
Gaussian,LogPDF,256,VECTORIZED,0.468000
Gaussian,LogPDF,256,PARALLEL,0.288000
Gaussian,LogPDF,256,WORK_STEALING,0.344000
Gaussian,CDF,256,SCALAR,26.739000
Gaussian,CDF,256,VECTORIZED,3.526000
Gaussian,CDF,256,PARALLEL,12.063000
Gaussian,CDF,256,WORK_STEALING,12.222000
Gaussian,PDF,512,SCALAR,37.914000
Gaussian,PDF,512,VECTORIZED,3.571000
Gaussian,PDF,512,PARALLEL,6.404000
Gaussian,PDF,512,WORK_STEALING,6.423000
Gaussian,LogPDF,512,SCALAR,28.852000
Gaussian,LogPDF,512,VECTORIZED,0.692000
Gaussian,LogPDF,512,PARALLEL,0.434000
Gaussian,LogPDF,512,WORK_STEALING,0.467000
Gaussian,CDF,512,SCALAR,53.658000
Gaussian,CDF,512,VECTORIZED,6.759000
Gaussian,CDF,512,PARALLEL,23.982000
Gaussian,CDF,512,WORK_STEALING,24.068000
Gaussian,PDF,1000,SCALAR,78.496000
Gaussian,PDF,1000,VECTORIZED,6.683000
Gaussian,PDF,1000,PARALLEL,12.383000
Gaussian,PDF,1000,WORK_STEALING,12.328000
Gaussian,LogPDF,1000,SCALAR,55.671000
Gaussian,LogPDF,1000,VECTORIZED,1.141000
Gaussian,LogPDF,1000,PARALLEL,0.671000
Gaussian,LogPDF,1000,WORK_STEALING,0.718000
Gaussian,CDF,1000,SCALAR,104.268000
Gaussian,CDF,1000,VECTORIZED,12.812000
Gaussian,CDF,1000,PARALLEL,46.495000
Gaussian,CDF,1000,WORK_STEALING,46.563000
Gaussian,PDF,2000,SCALAR,166.993000
Gaussian,PDF,2000,VECTORIZED,13.259000
Gaussian,PDF,2000,PARALLEL,24.547000
Gaussian,PDF,2000,WORK_STEALING,24.535000
Gaussian,LogPDF,2000,SCALAR,139.102000
Gaussian,LogPDF,2000,VECTORIZED,2.341000
Gaussian,LogPDF,2000,PARALLEL,1.268000
Gaussian,LogPDF,2000,WORK_STEALING,1.332000
Gaussian,CDF,2000,SCALAR,230.143000
Gaussian,CDF,2000,VECTORIZED,25.783000
Gaussian,CDF,2000,PARALLEL,98.499000
Gaussian,CDF,2000,WORK_STEALING,92.955000
Gaussian,PDF,5000,SCALAR,414.916000
Gaussian,PDF,5000,VECTORIZED,33.102000
Gaussian,PDF,5000,PARALLEL,100.432000
Gaussian,PDF,5000,WORK_STEALING,53.502000
Gaussian,LogPDF,5000,SCALAR,281.195000
Gaussian,LogPDF,5000,VECTORIZED,6.598000
Gaussian,LogPDF,5000,PARALLEL,32.899000
Gaussian,LogPDF,5000,WORK_STEALING,25.978000
Gaussian,CDF,5000,SCALAR,520.793000
Gaussian,CDF,5000,VECTORIZED,64.012000
Gaussian,CDF,5000,PARALLEL,272.919000
Gaussian,CDF,5000,WORK_STEALING,93.924000
Gaussian,PDF,10000,SCALAR,727.539000
Gaussian,PDF,10000,VECTORIZED,67.803000
Gaussian,PDF,10000,PARALLEL,165.819000
Gaussian,PDF,10000,WORK_STEALING,75.115000
Gaussian,LogPDF,10000,SCALAR,563.089000
Gaussian,LogPDF,10000,VECTORIZED,13.321000
Gaussian,LogPDF,10000,PARALLEL,35.399000
Gaussian,LogPDF,10000,WORK_STEALING,33.238000
Gaussian,CDF,10000,SCALAR,1043.482000
Gaussian,CDF,10000,VECTORIZED,127.955000
Gaussian,CDF,10000,PARALLEL,505.706000
Gaussian,CDF,10000,WORK_STEALING,151.470000
Gaussian,PDF,20000,SCALAR,1491.612000
Gaussian,PDF,20000,VECTORIZED,137.611000
Gaussian,PDF,20000,PARALLEL,288.203000
Gaussian,PDF,20000,WORK_STEALING,87.063000
Gaussian,LogPDF,20000,SCALAR,1126.417000
Gaussian,LogPDF,20000,VECTORIZED,29.394000
Gaussian,LogPDF,20000,PARALLEL,50.356000
Gaussian,LogPDF,20000,WORK_STEALING,34.099000
Gaussian,CDF,20000,SCALAR,2125.346000
Gaussian,CDF,20000,VECTORIZED,258.729000
Gaussian,CDF,20000,PARALLEL,975.009000
Gaussian,CDF,20000,WORK_STEALING,206.210000
Gaussian,PDF,50000,SCALAR,3749.025000
Gaussian,PDF,50000,VECTORIZED,353.082000
Gaussian,PDF,50000,PARALLEL,444.183000
Gaussian,PDF,50000,WORK_STEALING,149.182000
Gaussian,LogPDF,50000,SCALAR,2816.569000
Gaussian,LogPDF,50000,VECTORIZED,82.922000
Gaussian,LogPDF,50000,PARALLEL,59.518000
Gaussian,LogPDF,50000,WORK_STEALING,57.410000
Gaussian,CDF,50000,SCALAR,5244.991000
Gaussian,CDF,50000,VECTORIZED,652.749000
Gaussian,CDF,50000,PARALLEL,1462.932000
Gaussian,CDF,50000,WORK_STEALING,452.512000
Gaussian,PDF,100000,SCALAR,7493.858000
Gaussian,PDF,100000,VECTORIZED,706.287000
Gaussian,PDF,100000,PARALLEL,445.967000
Gaussian,PDF,100000,WORK_STEALING,238.977000
Gaussian,LogPDF,100000,SCALAR,5657.184000
Gaussian,LogPDF,100000,VECTORIZED,168.290000
Gaussian,LogPDF,100000,PARALLEL,68.628000
Gaussian,LogPDF,100000,WORK_STEALING,97.518000
Gaussian,CDF,100000,SCALAR,10496.903000
Gaussian,CDF,100000,VECTORIZED,1306.920000
Gaussian,CDF,100000,PARALLEL,1882.092000
Gaussian,CDF,100000,WORK_STEALING,829.468000
Gaussian,PDF,250000,SCALAR,18872.819000
Gaussian,PDF,250000,VECTORIZED,1777.422000
Gaussian,PDF,250000,PARALLEL,909.350000
Gaussian,PDF,250000,WORK_STEALING,526.680000
Gaussian,LogPDF,250000,SCALAR,14193.064000
Gaussian,LogPDF,250000,VECTORIZED,424.674000
Gaussian,LogPDF,250000,PARALLEL,149.495000
Gaussian,LogPDF,250000,WORK_STEALING,189.653000
Gaussian,CDF,250000,SCALAR,26679.933000
Gaussian,CDF,250000,VECTORIZED,3406.828000
Gaussian,CDF,250000,PARALLEL,3849.269000
Gaussian,CDF,250000,WORK_STEALING,1760.534000
Gaussian,PDF,500000,SCALAR,38109.428000
Gaussian,PDF,500000,VECTORIZED,3699.536000
Gaussian,PDF,500000,PARALLEL,1830.914000
Gaussian,PDF,500000,WORK_STEALING,1038.997000
Gaussian,LogPDF,500000,SCALAR,28308.526000
Gaussian,LogPDF,500000,VECTORIZED,1014.902000
Gaussian,LogPDF,500000,PARALLEL,238.987000
Gaussian,LogPDF,500000,WORK_STEALING,321.062000
Gaussian,CDF,500000,SCALAR,54242.521000
Gaussian,CDF,500000,VECTORIZED,7073.789000
Gaussian,CDF,500000,PARALLEL,7320.565000
Gaussian,CDF,500000,WORK_STEALING,3611.076000
Exponential,PDF,8,SCALAR,0.706000
Exponential,PDF,8,VECTORIZED,0.607000
Exponential,PDF,8,PARALLEL,0.288000
Exponential,PDF,8,WORK_STEALING,0.346000
Exponential,LogPDF,8,SCALAR,0.579000
Exponential,LogPDF,8,VECTORIZED,0.259000
Exponential,LogPDF,8,PARALLEL,0.186000
Exponential,LogPDF,8,WORK_STEALING,0.212000
Exponential,CDF,8,SCALAR,0.736000
Exponential,CDF,8,VECTORIZED,0.407000
Exponential,CDF,8,PARALLEL,0.284000
Exponential,CDF,8,WORK_STEALING,0.342000
Exponential,PDF,16,SCALAR,1.345000
Exponential,PDF,16,VECTORIZED,0.620000
Exponential,PDF,16,PARALLEL,0.400000
Exponential,PDF,16,WORK_STEALING,0.433000
Exponential,LogPDF,16,SCALAR,1.043000
Exponential,LogPDF,16,VECTORIZED,0.268000
Exponential,LogPDF,16,PARALLEL,0.204000
Exponential,LogPDF,16,WORK_STEALING,0.216000
Exponential,CDF,16,SCALAR,1.370000
Exponential,CDF,16,VECTORIZED,0.437000
Exponential,CDF,16,PARALLEL,0.412000
Exponential,CDF,16,WORK_STEALING,0.434000
Exponential,PDF,32,SCALAR,2.592000
Exponential,PDF,32,VECTORIZED,0.511000
Exponential,PDF,32,PARALLEL,0.600000
Exponential,PDF,32,WORK_STEALING,0.664000
Exponential,LogPDF,32,SCALAR,2.019000
Exponential,LogPDF,32,VECTORIZED,0.296000
Exponential,LogPDF,32,PARALLEL,0.248000
Exponential,LogPDF,32,WORK_STEALING,0.242000
Exponential,CDF,32,SCALAR,2.709000
Exponential,CDF,32,VECTORIZED,0.551000
Exponential,CDF,32,PARALLEL,0.648000
Exponential,CDF,32,WORK_STEALING,0.674000
Exponential,PDF,64,SCALAR,5.093000
Exponential,PDF,64,VECTORIZED,0.823000
Exponential,PDF,64,PARALLEL,1.107000
Exponential,PDF,64,WORK_STEALING,1.122000
Exponential,LogPDF,64,SCALAR,4.010000
Exponential,LogPDF,64,VECTORIZED,0.329000
Exponential,LogPDF,64,PARALLEL,0.319000
Exponential,LogPDF,64,WORK_STEALING,0.272000
Exponential,CDF,64,SCALAR,5.342000
Exponential,CDF,64,VECTORIZED,0.932000
Exponential,CDF,64,PARALLEL,1.152000
Exponential,CDF,64,WORK_STEALING,1.130000
Exponential,PDF,128,SCALAR,9.998000
Exponential,PDF,128,VECTORIZED,1.210000
Exponential,PDF,128,PARALLEL,2.057000
Exponential,PDF,128,WORK_STEALING,2.015000
Exponential,LogPDF,128,SCALAR,7.993000
Exponential,LogPDF,128,VECTORIZED,0.433000
Exponential,LogPDF,128,PARALLEL,0.474000
Exponential,LogPDF,128,WORK_STEALING,0.313000
Exponential,CDF,128,SCALAR,10.463000
Exponential,CDF,128,VECTORIZED,1.299000
Exponential,CDF,128,PARALLEL,2.106000
Exponential,CDF,128,WORK_STEALING,2.070000
Exponential,PDF,256,SCALAR,19.979000
Exponential,PDF,256,VECTORIZED,2.293000
Exponential,PDF,256,PARALLEL,3.970000
Exponential,PDF,256,WORK_STEALING,3.786000
Exponential,LogPDF,256,SCALAR,15.657000
Exponential,LogPDF,256,VECTORIZED,0.584000
Exponential,LogPDF,256,PARALLEL,0.747000
Exponential,LogPDF,256,WORK_STEALING,0.433000
Exponential,CDF,256,SCALAR,20.867000
Exponential,CDF,256,VECTORIZED,2.185000
Exponential,CDF,256,PARALLEL,4.016000
Exponential,CDF,256,WORK_STEALING,3.941000
Exponential,PDF,512,SCALAR,40.060000
Exponential,PDF,512,VECTORIZED,4.028000
Exponential,PDF,512,PARALLEL,7.648000
Exponential,PDF,512,WORK_STEALING,7.373000
Exponential,LogPDF,512,SCALAR,31.277000
Exponential,LogPDF,512,VECTORIZED,0.985000
Exponential,LogPDF,512,PARALLEL,1.345000
Exponential,LogPDF,512,WORK_STEALING,0.571000
Exponential,CDF,512,SCALAR,41.518000
Exponential,CDF,512,VECTORIZED,4.195000
Exponential,CDF,512,PARALLEL,7.898000
Exponential,CDF,512,WORK_STEALING,7.614000
Exponential,PDF,1000,SCALAR,77.954000
Exponential,PDF,1000,VECTORIZED,7.781000
Exponential,PDF,1000,PARALLEL,14.738000
Exponential,PDF,1000,WORK_STEALING,14.097000
Exponential,LogPDF,1000,SCALAR,61.475000
Exponential,LogPDF,1000,VECTORIZED,1.580000
Exponential,LogPDF,1000,PARALLEL,2.439000
Exponential,LogPDF,1000,WORK_STEALING,0.860000
Exponential,CDF,1000,SCALAR,81.149000
Exponential,CDF,1000,VECTORIZED,7.962000
Exponential,CDF,1000,PARALLEL,15.301000
Exponential,CDF,1000,WORK_STEALING,14.534000
Exponential,PDF,2000,SCALAR,155.197000
Exponential,PDF,2000,VECTORIZED,15.169000
Exponential,PDF,2000,PARALLEL,29.357000
Exponential,PDF,2000,WORK_STEALING,27.930000
Exponential,LogPDF,2000,SCALAR,122.601000
Exponential,LogPDF,2000,VECTORIZED,3.084000
Exponential,LogPDF,2000,PARALLEL,4.265000
Exponential,LogPDF,2000,WORK_STEALING,1.493000
Exponential,CDF,2000,SCALAR,162.325000
Exponential,CDF,2000,VECTORIZED,15.829000
Exponential,CDF,2000,PARALLEL,30.346000
Exponential,CDF,2000,WORK_STEALING,29.580000
Exponential,PDF,5000,SCALAR,380.839000
Exponential,PDF,5000,VECTORIZED,37.320000
Exponential,PDF,5000,PARALLEL,143.326000
Exponential,PDF,5000,WORK_STEALING,85.703000
Exponential,LogPDF,5000,SCALAR,300.155000
Exponential,LogPDF,5000,VECTORIZED,8.185000
Exponential,LogPDF,5000,PARALLEL,68.096000
Exponential,LogPDF,5000,WORK_STEALING,58.660000
Exponential,CDF,5000,SCALAR,393.918000
Exponential,CDF,5000,VECTORIZED,39.000000
Exponential,CDF,5000,PARALLEL,132.793000
Exponential,CDF,5000,WORK_STEALING,85.740000
Exponential,PDF,10000,SCALAR,745.394000
Exponential,PDF,10000,VECTORIZED,71.694000
Exponential,PDF,10000,PARALLEL,202.094000
Exponential,PDF,10000,WORK_STEALING,98.572000
Exponential,LogPDF,10000,SCALAR,578.087000
Exponential,LogPDF,10000,VECTORIZED,16.240000
Exponential,LogPDF,10000,PARALLEL,78.787000
Exponential,LogPDF,10000,WORK_STEALING,61.926000
Exponential,CDF,10000,SCALAR,804.394000
Exponential,CDF,10000,VECTORIZED,74.195000
Exponential,CDF,10000,PARALLEL,213.281000
Exponential,CDF,10000,WORK_STEALING,99.287000
Exponential,PDF,20000,SCALAR,1469.837000
Exponential,PDF,20000,VECTORIZED,145.108000
Exponential,PDF,20000,PARALLEL,334.426000
Exponential,PDF,20000,WORK_STEALING,125.271000
Exponential,LogPDF,20000,SCALAR,1220.231000
Exponential,LogPDF,20000,VECTORIZED,35.940000
Exponential,LogPDF,20000,PARALLEL,106.459000
Exponential,LogPDF,20000,WORK_STEALING,79.867000
Exponential,CDF,20000,SCALAR,1570.004000
Exponential,CDF,20000,VECTORIZED,154.019000
Exponential,CDF,20000,PARALLEL,348.791000
Exponential,CDF,20000,WORK_STEALING,129.432000
Exponential,PDF,50000,SCALAR,3702.037000
Exponential,PDF,50000,VECTORIZED,368.011000
Exponential,PDF,50000,PARALLEL,511.114000
Exponential,PDF,50000,WORK_STEALING,199.268000
Exponential,LogPDF,50000,SCALAR,2981.963000
Exponential,LogPDF,50000,VECTORIZED,92.204000
Exponential,LogPDF,50000,PARALLEL,132.322000
Exponential,LogPDF,50000,WORK_STEALING,96.263000
Exponential,CDF,50000,SCALAR,3819.556000
Exponential,CDF,50000,VECTORIZED,393.785000
Exponential,CDF,50000,PARALLEL,537.281000
Exponential,CDF,50000,WORK_STEALING,215.983000
Exponential,PDF,100000,SCALAR,7580.540000
Exponential,PDF,100000,VECTORIZED,739.567000
Exponential,PDF,100000,PARALLEL,546.505000
Exponential,PDF,100000,WORK_STEALING,321.440000
Exponential,LogPDF,100000,SCALAR,5869.572000
Exponential,LogPDF,100000,VECTORIZED,197.236000
Exponential,LogPDF,100000,PARALLEL,141.244000
Exponential,LogPDF,100000,WORK_STEALING,138.083000
Exponential,CDF,100000,SCALAR,7690.138000
Exponential,CDF,100000,VECTORIZED,813.188000
Exponential,CDF,100000,PARALLEL,569.786000
Exponential,CDF,100000,WORK_STEALING,307.863000
Exponential,PDF,250000,SCALAR,21106.764000
Exponential,PDF,250000,VECTORIZED,1972.284000
Exponential,PDF,250000,PARALLEL,1053.016000
Exponential,PDF,250000,WORK_STEALING,664.963000
Exponential,LogPDF,250000,SCALAR,14761.885000
Exponential,LogPDF,250000,VECTORIZED,483.931000
Exponential,LogPDF,250000,PARALLEL,231.280000
Exponential,LogPDF,250000,WORK_STEALING,239.007000
Exponential,CDF,250000,SCALAR,19635.843000
Exponential,CDF,250000,VECTORIZED,2057.278000
Exponential,CDF,250000,PARALLEL,1098.142000
Exponential,CDF,250000,WORK_STEALING,727.349000
Exponential,PDF,500000,SCALAR,43044.825000
Exponential,PDF,500000,VECTORIZED,4114.834000
Exponential,PDF,500000,PARALLEL,2218.950000
Exponential,PDF,500000,WORK_STEALING,1356.760000
Exponential,LogPDF,500000,SCALAR,30639.062000
Exponential,LogPDF,500000,VECTORIZED,1206.767000
Exponential,LogPDF,500000,PARALLEL,452.717000
Exponential,LogPDF,500000,WORK_STEALING,400.822000
Exponential,CDF,500000,SCALAR,40751.030000
Exponential,CDF,500000,VECTORIZED,4378.876000
Exponential,CDF,500000,PARALLEL,2257.244000
Exponential,CDF,500000,WORK_STEALING,1263.703000
Discrete,PDF,8,SCALAR,0.670000
Discrete,PDF,8,VECTORIZED,0.207000
Discrete,PDF,8,PARALLEL,0.210000
Discrete,PDF,8,WORK_STEALING,0.279000
Discrete,LogPDF,8,SCALAR,0.662000
Discrete,LogPDF,8,VECTORIZED,0.220000
Discrete,LogPDF,8,PARALLEL,0.229000
Discrete,LogPDF,8,WORK_STEALING,0.278000
Discrete,CDF,8,SCALAR,0.631000
Discrete,CDF,8,VECTORIZED,0.207000
Discrete,CDF,8,PARALLEL,0.235000
Discrete,CDF,8,WORK_STEALING,0.279000
Discrete,PDF,16,SCALAR,1.076000
Discrete,PDF,16,VECTORIZED,0.219000
Discrete,PDF,16,PARALLEL,0.231000
Discrete,PDF,16,WORK_STEALING,0.294000
Discrete,LogPDF,16,SCALAR,1.160000
Discrete,LogPDF,16,VECTORIZED,0.238000
Discrete,LogPDF,16,PARALLEL,0.274000
Discrete,LogPDF,16,WORK_STEALING,0.333000
Discrete,CDF,16,SCALAR,1.123000
Discrete,CDF,16,VECTORIZED,0.219000
Discrete,CDF,16,PARALLEL,0.287000
Discrete,CDF,16,WORK_STEALING,0.306000
Discrete,PDF,32,SCALAR,2.343000
Discrete,PDF,32,VECTORIZED,0.369000
Discrete,PDF,32,PARALLEL,0.376000
Discrete,PDF,32,WORK_STEALING,0.431000
Discrete,LogPDF,32,SCALAR,2.283000
Discrete,LogPDF,32,VECTORIZED,0.375000
Discrete,LogPDF,32,PARALLEL,0.393000
Discrete,LogPDF,32,WORK_STEALING,0.411000
Discrete,CDF,32,SCALAR,2.318000
Discrete,CDF,32,VECTORIZED,0.289000
Discrete,CDF,32,PARALLEL,0.388000
Discrete,CDF,32,WORK_STEALING,0.425000
Discrete,PDF,64,SCALAR,4.632000
Discrete,PDF,64,VECTORIZED,0.486000
Discrete,PDF,64,PARALLEL,0.496000
Discrete,PDF,64,WORK_STEALING,0.621000
Discrete,LogPDF,64,SCALAR,4.530000
Discrete,LogPDF,64,VECTORIZED,0.491000
Discrete,LogPDF,64,PARALLEL,0.611000
Discrete,LogPDF,64,WORK_STEALING,0.600000
Discrete,CDF,64,SCALAR,4.609000
Discrete,CDF,64,VECTORIZED,0.461000
Discrete,CDF,64,PARALLEL,0.600000
Discrete,CDF,64,WORK_STEALING,0.589000
Discrete,PDF,128,SCALAR,9.092000
Discrete,PDF,128,VECTORIZED,0.782000
Discrete,PDF,128,PARALLEL,0.747000
Discrete,PDF,128,WORK_STEALING,0.932000
Discrete,LogPDF,128,SCALAR,8.898000
Discrete,LogPDF,128,VECTORIZED,0.857000
Discrete,LogPDF,128,PARALLEL,0.948000
Discrete,LogPDF,128,WORK_STEALING,0.933000
Discrete,CDF,128,SCALAR,8.704000
Discrete,CDF,128,VECTORIZED,0.713000
Discrete,CDF,128,PARALLEL,1.006000
Discrete,CDF,128,WORK_STEALING,0.903000
Discrete,PDF,256,SCALAR,18.086000
Discrete,PDF,256,VECTORIZED,1.278000
Discrete,PDF,256,PARALLEL,1.244000
Discrete,PDF,256,WORK_STEALING,1.643000
Discrete,LogPDF,256,SCALAR,17.763000
Discrete,LogPDF,256,VECTORIZED,1.600000
Discrete,LogPDF,256,PARALLEL,1.777000
Discrete,LogPDF,256,WORK_STEALING,1.734000
Discrete,CDF,256,SCALAR,17.930000
Discrete,CDF,256,VECTORIZED,1.264000
Discrete,CDF,256,PARALLEL,1.840000
Discrete,CDF,256,WORK_STEALING,1.680000
Discrete,PDF,512,SCALAR,36.294000
Discrete,PDF,512,VECTORIZED,2.445000
Discrete,PDF,512,PARALLEL,2.260000
Discrete,PDF,512,WORK_STEALING,3.038000
Discrete,LogPDF,512,SCALAR,35.168000
Discrete,LogPDF,512,VECTORIZED,2.943000
Discrete,LogPDF,512,PARALLEL,3.339000
Discrete,LogPDF,512,WORK_STEALING,3.012000
Discrete,CDF,512,SCALAR,35.202000
Discrete,CDF,512,VECTORIZED,2.532000
Discrete,CDF,512,PARALLEL,3.461000
Discrete,CDF,512,WORK_STEALING,3.161000
Discrete,PDF,1000,SCALAR,70.856000
Discrete,PDF,1000,VECTORIZED,4.419000
Discrete,PDF,1000,PARALLEL,4.185000
Discrete,PDF,1000,WORK_STEALING,5.664000
Discrete,LogPDF,1000,SCALAR,68.992000
Discrete,LogPDF,1000,VECTORIZED,5.664000
Discrete,LogPDF,1000,PARALLEL,6.282000
Discrete,LogPDF,1000,WORK_STEALING,5.769000
Discrete,CDF,1000,SCALAR,68.886000
Discrete,CDF,1000,VECTORIZED,4.436000
Discrete,CDF,1000,PARALLEL,6.714000
Discrete,CDF,1000,WORK_STEALING,5.949000
Discrete,PDF,2000,SCALAR,140.988000
Discrete,PDF,2000,VECTORIZED,8.343000
Discrete,PDF,2000,PARALLEL,8.345000
Discrete,PDF,2000,WORK_STEALING,11.081000
Discrete,LogPDF,2000,SCALAR,137.467000
Discrete,LogPDF,2000,VECTORIZED,11.306000
Discrete,LogPDF,2000,PARALLEL,12.631000
Discrete,LogPDF,2000,WORK_STEALING,11.751000
Discrete,CDF,2000,SCALAR,139.339000
Discrete,CDF,2000,VECTORIZED,8.879000
Discrete,CDF,2000,PARALLEL,13.642000
Discrete,CDF,2000,WORK_STEALING,11.217000
Discrete,PDF,5000,SCALAR,352.164000
Discrete,PDF,5000,VECTORIZED,20.445000
Discrete,PDF,5000,PARALLEL,112.869000
Discrete,PDF,5000,WORK_STEALING,92.912000
Discrete,LogPDF,5000,SCALAR,333.496000
Discrete,LogPDF,5000,VECTORIZED,27.267000
Discrete,LogPDF,5000,PARALLEL,125.344000
Discrete,LogPDF,5000,WORK_STEALING,95.559000
Discrete,CDF,5000,SCALAR,331.741000
Discrete,CDF,5000,VECTORIZED,22.081000
Discrete,CDF,5000,PARALLEL,127.857000
Discrete,CDF,5000,WORK_STEALING,97.722000
Discrete,PDF,10000,SCALAR,666.563000
Discrete,PDF,10000,VECTORIZED,38.898000
Discrete,PDF,10000,PARALLEL,143.364000
Discrete,PDF,10000,WORK_STEALING,98.963000
Discrete,LogPDF,10000,SCALAR,664.807000
Discrete,LogPDF,10000,VECTORIZED,52.569000
Discrete,LogPDF,10000,PARALLEL,144.431000
Discrete,LogPDF,10000,WORK_STEALING,98.184000
Discrete,CDF,10000,SCALAR,628.890000
Discrete,CDF,10000,VECTORIZED,47.613000
Discrete,CDF,10000,PARALLEL,157.830000
Discrete,CDF,10000,WORK_STEALING,107.665000
Discrete,PDF,20000,SCALAR,1248.761000
Discrete,PDF,20000,VECTORIZED,71.544000
Discrete,PDF,20000,PARALLEL,173.573000
Discrete,PDF,20000,WORK_STEALING,107.466000
Discrete,LogPDF,20000,SCALAR,1181.772000
Discrete,LogPDF,20000,VECTORIZED,94.611000
Discrete,LogPDF,20000,PARALLEL,180.232000
Discrete,LogPDF,20000,WORK_STEALING,106.612000
Discrete,CDF,20000,SCALAR,1206.387000
Discrete,CDF,20000,VECTORIZED,86.728000
Discrete,CDF,20000,PARALLEL,212.270000
Discrete,CDF,20000,WORK_STEALING,120.549000
Discrete,PDF,50000,SCALAR,3130.039000
Discrete,PDF,50000,VECTORIZED,178.592000
Discrete,PDF,50000,PARALLEL,236.943000
Discrete,PDF,50000,WORK_STEALING,153.473000
Discrete,LogPDF,50000,SCALAR,3225.592000
Discrete,LogPDF,50000,VECTORIZED,258.045000
Discrete,LogPDF,50000,PARALLEL,276.565000
Discrete,LogPDF,50000,WORK_STEALING,164.871000
Discrete,CDF,50000,SCALAR,3199.611000
Discrete,CDF,50000,VECTORIZED,234.130000
Discrete,CDF,50000,PARALLEL,333.572000
Discrete,CDF,50000,WORK_STEALING,183.581000
Discrete,PDF,100000,SCALAR,6231.586000
Discrete,PDF,100000,VECTORIZED,346.642000
Discrete,PDF,100000,PARALLEL,232.031000
Discrete,PDF,100000,WORK_STEALING,197.324000
Discrete,LogPDF,100000,SCALAR,6207.493000
Discrete,LogPDF,100000,VECTORIZED,500.633000
Discrete,LogPDF,100000,PARALLEL,277.506000
Discrete,LogPDF,100000,WORK_STEALING,211.907000
Discrete,CDF,100000,SCALAR,6356.678000
Discrete,CDF,100000,VECTORIZED,471.635000
Discrete,CDF,100000,PARALLEL,329.414000
Discrete,CDF,100000,WORK_STEALING,254.203000
Discrete,PDF,250000,SCALAR,16372.408000
Discrete,PDF,250000,VECTORIZED,919.808000
Discrete,PDF,250000,PARALLEL,413.468000
Discrete,PDF,250000,WORK_STEALING,349.807000
Discrete,LogPDF,250000,SCALAR,15877.295000
Discrete,LogPDF,250000,VECTORIZED,1286.873000
Discrete,LogPDF,250000,PARALLEL,472.393000
Discrete,LogPDF,250000,WORK_STEALING,343.007000
Discrete,CDF,250000,SCALAR,15791.279000
Discrete,CDF,250000,VECTORIZED,1185.310000
Discrete,CDF,250000,PARALLEL,582.200000
Discrete,CDF,250000,WORK_STEALING,451.442000
Discrete,PDF,500000,SCALAR,34087.722000
Discrete,PDF,500000,VECTORIZED,2072.175000
Discrete,PDF,500000,PARALLEL,819.262000
Discrete,PDF,500000,WORK_STEALING,555.283000
Discrete,LogPDF,500000,SCALAR,36277.922000
Discrete,LogPDF,500000,VECTORIZED,2879.678000
Discrete,LogPDF,500000,PARALLEL,988.258000
Discrete,LogPDF,500000,WORK_STEALING,756.407000
Discrete,CDF,500000,SCALAR,37855.593000
Discrete,CDF,500000,VECTORIZED,2887.526000
Discrete,CDF,500000,PARALLEL,1425.542000
Discrete,CDF,500000,WORK_STEALING,829.916000
Poisson,PDF,8,SCALAR,1.290000
Poisson,PDF,8,VECTORIZED,0.754000
Poisson,PDF,8,PARALLEL,0.784000
Poisson,PDF,8,WORK_STEALING,0.906000
Poisson,LogPDF,8,SCALAR,0.819000
Poisson,LogPDF,8,VECTORIZED,0.332000
Poisson,LogPDF,8,PARALLEL,0.384000
Poisson,LogPDF,8,WORK_STEALING,0.419000
Poisson,CDF,8,SCALAR,1.326000
Poisson,CDF,8,VECTORIZED,1.392000
Poisson,CDF,8,PARALLEL,1.396000
Poisson,CDF,8,WORK_STEALING,1.437000
Poisson,PDF,16,SCALAR,2.331000
Poisson,PDF,16,VECTORIZED,1.308000
Poisson,PDF,16,PARALLEL,1.358000
Poisson,PDF,16,WORK_STEALING,1.438000
Poisson,LogPDF,16,SCALAR,1.584000
Poisson,LogPDF,16,VECTORIZED,0.523000
Poisson,LogPDF,16,PARALLEL,0.572000
Poisson,LogPDF,16,WORK_STEALING,0.603000
Poisson,CDF,16,SCALAR,2.722000
Poisson,CDF,16,VECTORIZED,2.813000
Poisson,CDF,16,PARALLEL,2.866000
Poisson,CDF,16,WORK_STEALING,2.900000
Poisson,PDF,32,SCALAR,4.723000
Poisson,PDF,32,VECTORIZED,2.311000
Poisson,PDF,32,PARALLEL,2.335000
Poisson,PDF,32,WORK_STEALING,2.385000
Poisson,LogPDF,32,SCALAR,3.223000
Poisson,LogPDF,32,VECTORIZED,0.881000
Poisson,LogPDF,32,PARALLEL,0.918000
Poisson,LogPDF,32,WORK_STEALING,0.942000
Poisson,CDF,32,SCALAR,5.383000
Poisson,CDF,32,VECTORIZED,5.429000
Poisson,CDF,32,PARALLEL,5.644000
Poisson,CDF,32,WORK_STEALING,5.612000
Poisson,PDF,64,SCALAR,9.360000
Poisson,PDF,64,VECTORIZED,4.610000
Poisson,PDF,64,PARALLEL,4.746000
Poisson,PDF,64,WORK_STEALING,4.739000
Poisson,LogPDF,64,SCALAR,6.315000
Poisson,LogPDF,64,VECTORIZED,1.807000
Poisson,LogPDF,64,PARALLEL,1.932000
Poisson,LogPDF,64,WORK_STEALING,1.846000
Poisson,CDF,64,SCALAR,12.018000
Poisson,CDF,64,VECTORIZED,12.101000
Poisson,CDF,64,PARALLEL,12.100000
Poisson,CDF,64,WORK_STEALING,12.079000
Poisson,PDF,128,SCALAR,18.397000
Poisson,PDF,128,VECTORIZED,8.799000
Poisson,PDF,128,PARALLEL,9.112000
Poisson,PDF,128,WORK_STEALING,9.045000
Poisson,LogPDF,128,SCALAR,12.055000
Poisson,LogPDF,128,VECTORIZED,3.100000
Poisson,LogPDF,128,PARALLEL,3.362000
Poisson,LogPDF,128,WORK_STEALING,3.133000
Poisson,CDF,128,SCALAR,22.358000
Poisson,CDF,128,VECTORIZED,22.100000
Poisson,CDF,128,PARALLEL,22.401000
Poisson,CDF,128,WORK_STEALING,22.330000
Poisson,PDF,256,SCALAR,37.144000
Poisson,PDF,256,VECTORIZED,17.822000
Poisson,PDF,256,PARALLEL,18.427000
Poisson,PDF,256,WORK_STEALING,18.089000
Poisson,LogPDF,256,SCALAR,24.478000
Poisson,LogPDF,256,VECTORIZED,6.228000
Poisson,LogPDF,256,PARALLEL,6.759000
Poisson,LogPDF,256,WORK_STEALING,6.290000
Poisson,CDF,256,SCALAR,45.511000
Poisson,CDF,256,VECTORIZED,45.034000
Poisson,CDF,256,PARALLEL,45.468000
Poisson,CDF,256,WORK_STEALING,44.765000
Poisson,PDF,512,SCALAR,74.352000
Poisson,PDF,512,VECTORIZED,35.611000
Poisson,PDF,512,PARALLEL,36.818000
Poisson,PDF,512,WORK_STEALING,36.212000
Poisson,LogPDF,512,SCALAR,48.765000
Poisson,LogPDF,512,VECTORIZED,12.479000
Poisson,LogPDF,512,PARALLEL,13.347000
Poisson,LogPDF,512,WORK_STEALING,12.216000
Poisson,CDF,512,SCALAR,91.604000
Poisson,CDF,512,VECTORIZED,89.994000
Poisson,CDF,512,PARALLEL,91.225000
Poisson,CDF,512,WORK_STEALING,90.285000
Poisson,PDF,1000,SCALAR,144.968000
Poisson,PDF,1000,VECTORIZED,69.233000
Poisson,PDF,1000,PARALLEL,77.012000
Poisson,PDF,1000,WORK_STEALING,70.009000
Poisson,LogPDF,1000,SCALAR,94.873000
Poisson,LogPDF,1000,VECTORIZED,23.753000
Poisson,LogPDF,1000,PARALLEL,25.141000
Poisson,LogPDF,1000,WORK_STEALING,23.400000
Poisson,CDF,1000,SCALAR,175.620000
Poisson,CDF,1000,VECTORIZED,172.592000
Poisson,CDF,1000,PARALLEL,174.714000
Poisson,CDF,1000,WORK_STEALING,174.036000
Poisson,PDF,2000,SCALAR,304.184000
Poisson,PDF,2000,VECTORIZED,143.161000
Poisson,PDF,2000,PARALLEL,142.521000
Poisson,PDF,2000,WORK_STEALING,139.204000
Poisson,LogPDF,2000,SCALAR,188.323000
Poisson,LogPDF,2000,VECTORIZED,47.972000
Poisson,LogPDF,2000,PARALLEL,51.225000
Poisson,LogPDF,2000,WORK_STEALING,47.149000
Poisson,CDF,2000,SCALAR,350.721000
Poisson,CDF,2000,VECTORIZED,346.864000
Poisson,CDF,2000,PARALLEL,351.399000
Poisson,CDF,2000,WORK_STEALING,355.468000
Poisson,PDF,5000,SCALAR,764.759000
Poisson,PDF,5000,VECTORIZED,366.991000
Poisson,PDF,5000,PARALLEL,485.509000
Poisson,PDF,5000,WORK_STEALING,267.167000
Poisson,LogPDF,5000,SCALAR,472.860000
Poisson,LogPDF,5000,VECTORIZED,121.161000
Poisson,LogPDF,5000,PARALLEL,269.505000
Poisson,LogPDF,5000,WORK_STEALING,180.438000
Poisson,CDF,5000,SCALAR,904.462000
Poisson,CDF,5000,VECTORIZED,909.851000
Poisson,CDF,5000,PARALLEL,994.100000
Poisson,CDF,5000,WORK_STEALING,374.889000
Poisson,PDF,10000,SCALAR,1456.656000
Poisson,PDF,10000,VECTORIZED,684.435000
Poisson,PDF,10000,PARALLEL,843.162000
Poisson,PDF,10000,WORK_STEALING,291.499000
Poisson,LogPDF,10000,SCALAR,943.729000
Poisson,LogPDF,10000,VECTORIZED,242.636000
Poisson,LogPDF,10000,PARALLEL,403.143000
Poisson,LogPDF,10000,WORK_STEALING,238.073000
Poisson,CDF,10000,SCALAR,1759.176000
Poisson,CDF,10000,VECTORIZED,1736.772000
Poisson,CDF,10000,PARALLEL,1892.522000
Poisson,CDF,10000,WORK_STEALING,537.192000
Poisson,PDF,20000,SCALAR,2890.646000
Poisson,PDF,20000,VECTORIZED,1368.740000
Poisson,PDF,20000,PARALLEL,1551.435000
Poisson,PDF,20000,WORK_STEALING,398.339000
Poisson,LogPDF,20000,SCALAR,1887.053000
Poisson,LogPDF,20000,VECTORIZED,486.652000
Poisson,LogPDF,20000,PARALLEL,668.746000
Poisson,LogPDF,20000,WORK_STEALING,285.532000
Poisson,CDF,20000,SCALAR,3530.499000
Poisson,CDF,20000,VECTORIZED,3476.569000
Poisson,CDF,20000,PARALLEL,3683.467000
Poisson,CDF,20000,WORK_STEALING,779.629000
Poisson,PDF,50000,SCALAR,7334.977000
Poisson,PDF,50000,VECTORIZED,3408.521000
Poisson,PDF,50000,PARALLEL,2475.941000
Poisson,PDF,50000,WORK_STEALING,696.050000
Poisson,LogPDF,50000,SCALAR,4731.683000
Poisson,LogPDF,50000,VECTORIZED,1218.768000
Poisson,LogPDF,50000,PARALLEL,1027.157000
Poisson,LogPDF,50000,WORK_STEALING,376.003000
Poisson,CDF,50000,SCALAR,8893.410000
Poisson,CDF,50000,VECTORIZED,8807.073000
Poisson,CDF,50000,PARALLEL,5906.741000
Poisson,CDF,50000,WORK_STEALING,1554.580000
Poisson,PDF,100000,SCALAR,14674.027000
Poisson,PDF,100000,VECTORIZED,6930.527000
Poisson,PDF,100000,PARALLEL,2493.896000
Poisson,PDF,100000,WORK_STEALING,1258.094000
Poisson,LogPDF,100000,SCALAR,9605.554000
Poisson,LogPDF,100000,VECTORIZED,2432.604000
Poisson,LogPDF,100000,PARALLEL,1034.697000
Poisson,LogPDF,100000,WORK_STEALING,656.007000
Poisson,CDF,100000,SCALAR,17828.967000
Poisson,CDF,100000,VECTORIZED,17003.202000
Poisson,CDF,100000,PARALLEL,5739.661000
Poisson,CDF,100000,WORK_STEALING,2771.316000
Poisson,PDF,250000,SCALAR,35545.913000
Poisson,PDF,250000,VECTORIZED,16140.049000
Poisson,PDF,250000,PARALLEL,4785.092000
Poisson,PDF,250000,WORK_STEALING,2804.030000
Poisson,LogPDF,250000,SCALAR,22302.845000
Poisson,LogPDF,250000,VECTORIZED,5735.302000
Poisson,LogPDF,250000,PARALLEL,1965.956000
Poisson,LogPDF,250000,WORK_STEALING,1045.822000
Poisson,CDF,250000,SCALAR,41468.784000
Poisson,CDF,250000,VECTORIZED,39616.187000
Poisson,CDF,250000,PARALLEL,11109.288000
Poisson,CDF,250000,WORK_STEALING,7150.195000
Poisson,PDF,500000,SCALAR,66119.149000
Poisson,PDF,500000,VECTORIZED,31202.601000
Poisson,PDF,500000,PARALLEL,9109.537000
Poisson,PDF,500000,WORK_STEALING,4655.665000
Poisson,LogPDF,500000,SCALAR,43186.210000
Poisson,LogPDF,500000,VECTORIZED,11174.342000
Poisson,LogPDF,500000,PARALLEL,3671.548000
Poisson,LogPDF,500000,WORK_STEALING,2188.146000
Poisson,CDF,500000,SCALAR,80156.317000
Poisson,CDF,500000,VECTORIZED,79216.049000
Poisson,CDF,500000,PARALLEL,22779.102000
Poisson,CDF,500000,WORK_STEALING,12707.912000
Gamma,PDF,8,SCALAR,1.465000
Gamma,PDF,8,VECTORIZED,1.394000
Gamma,PDF,8,PARALLEL,0.496000
Gamma,PDF,8,WORK_STEALING,0.549000
Gamma,LogPDF,8,SCALAR,0.765000
Gamma,LogPDF,8,VECTORIZED,1.040000
Gamma,LogPDF,8,PARALLEL,0.334000
Gamma,LogPDF,8,WORK_STEALING,0.399000
Gamma,CDF,8,SCALAR,1.517000
Gamma,CDF,8,VECTORIZED,1.794000
Gamma,CDF,8,PARALLEL,1.010000
Gamma,CDF,8,WORK_STEALING,1.078000
Gamma,PDF,16,SCALAR,2.652000
Gamma,PDF,16,VECTORIZED,1.308000
Gamma,PDF,16,PARALLEL,0.762000
Gamma,PDF,16,WORK_STEALING,0.852000
Gamma,LogPDF,16,SCALAR,1.449000
Gamma,LogPDF,16,VECTORIZED,1.118000
Gamma,LogPDF,16,PARALLEL,0.476000
Gamma,LogPDF,16,WORK_STEALING,0.521000
Gamma,CDF,16,SCALAR,2.854000
Gamma,CDF,16,VECTORIZED,2.506000
Gamma,CDF,16,PARALLEL,1.896000
Gamma,CDF,16,WORK_STEALING,1.819000
Gamma,PDF,32,SCALAR,5.212000
Gamma,PDF,32,VECTORIZED,1.366000
Gamma,PDF,32,PARALLEL,1.396000
Gamma,PDF,32,WORK_STEALING,1.453000
Gamma,LogPDF,32,SCALAR,2.827000
Gamma,LogPDF,32,VECTORIZED,1.223000
Gamma,LogPDF,32,PARALLEL,0.796000
Gamma,LogPDF,32,WORK_STEALING,0.817000
Gamma,CDF,32,SCALAR,5.887000
Gamma,CDF,32,VECTORIZED,4.156000
Gamma,CDF,32,PARALLEL,3.542000
Gamma,CDF,32,WORK_STEALING,3.608000
Gamma,PDF,64,SCALAR,10.862000
Gamma,PDF,64,VECTORIZED,2.228000
Gamma,PDF,64,PARALLEL,2.657000
Gamma,PDF,64,WORK_STEALING,2.644000
Gamma,LogPDF,64,SCALAR,5.557000
Gamma,LogPDF,64,VECTORIZED,1.654000
Gamma,LogPDF,64,PARALLEL,1.404000
Gamma,LogPDF,64,WORK_STEALING,1.390000
Gamma,CDF,64,SCALAR,11.520000
Gamma,CDF,64,VECTORIZED,7.517000
Gamma,CDF,64,PARALLEL,6.773000
Gamma,CDF,64,WORK_STEALING,6.787000
Gamma,PDF,128,SCALAR,21.679000
Gamma,PDF,128,VECTORIZED,3.278000
Gamma,PDF,128,PARALLEL,5.145000
Gamma,PDF,128,WORK_STEALING,5.292000
Gamma,LogPDF,128,SCALAR,10.846000
Gamma,LogPDF,128,VECTORIZED,2.772000
Gamma,LogPDF,128,PARALLEL,2.733000
Gamma,LogPDF,128,WORK_STEALING,2.584000
Gamma,CDF,128,SCALAR,21.818000
Gamma,CDF,128,VECTORIZED,13.695000
Gamma,CDF,128,PARALLEL,13.513000
Gamma,CDF,128,WORK_STEALING,13.451000
Gamma,PDF,256,SCALAR,43.353000
Gamma,PDF,256,VECTORIZED,5.808000
Gamma,PDF,256,PARALLEL,10.158000
Gamma,PDF,256,WORK_STEALING,10.212000
Gamma,LogPDF,256,SCALAR,21.919000
Gamma,LogPDF,256,VECTORIZED,4.066000
Gamma,LogPDF,256,PARALLEL,4.982000
Gamma,LogPDF,256,WORK_STEALING,4.640000
Gamma,CDF,256,SCALAR,46.095000
Gamma,CDF,256,VECTORIZED,27.611000
Gamma,CDF,256,PARALLEL,27.451000
Gamma,CDF,256,WORK_STEALING,27.007000
Gamma,PDF,512,SCALAR,85.901000
Gamma,PDF,512,VECTORIZED,10.916000
Gamma,PDF,512,PARALLEL,20.132000
Gamma,PDF,512,WORK_STEALING,20.027000
Gamma,LogPDF,512,SCALAR,43.742000
Gamma,LogPDF,512,VECTORIZED,6.998000
Gamma,LogPDF,512,PARALLEL,9.785000
Gamma,LogPDF,512,WORK_STEALING,9.501000
Gamma,CDF,512,SCALAR,92.689000
Gamma,CDF,512,VECTORIZED,56.736000
Gamma,CDF,512,PARALLEL,56.804000
Gamma,CDF,512,WORK_STEALING,55.901000
Gamma,PDF,1000,SCALAR,169.317000
Gamma,PDF,1000,VECTORIZED,20.882000
Gamma,PDF,1000,PARALLEL,39.178000
Gamma,PDF,1000,WORK_STEALING,38.976000
Gamma,LogPDF,1000,SCALAR,83.513000
Gamma,LogPDF,1000,VECTORIZED,14.202000
Gamma,LogPDF,1000,PARALLEL,19.897000
Gamma,LogPDF,1000,WORK_STEALING,18.505000
Gamma,CDF,1000,SCALAR,182.828000
Gamma,CDF,1000,VECTORIZED,108.050000
Gamma,CDF,1000,PARALLEL,112.077000
Gamma,CDF,1000,WORK_STEALING,115.507000
Gamma,PDF,2000,SCALAR,338.696000
Gamma,PDF,2000,VECTORIZED,40.690000
Gamma,PDF,2000,PARALLEL,77.713000
Gamma,PDF,2000,WORK_STEALING,77.457000
Gamma,LogPDF,2000,SCALAR,170.925000
Gamma,LogPDF,2000,VECTORIZED,27.938000
Gamma,LogPDF,2000,PARALLEL,39.711000
Gamma,LogPDF,2000,WORK_STEALING,36.656000
Gamma,CDF,2000,SCALAR,361.622000
Gamma,CDF,2000,VECTORIZED,221.231000
Gamma,CDF,2000,PARALLEL,221.138000
Gamma,CDF,2000,WORK_STEALING,219.786000
Gamma,PDF,5000,SCALAR,850.715000
Gamma,PDF,5000,VECTORIZED,104.540000
Gamma,PDF,5000,PARALLEL,524.478000
Gamma,PDF,5000,WORK_STEALING,262.414000
Gamma,LogPDF,5000,SCALAR,429.170000
Gamma,LogPDF,5000,VECTORIZED,72.973000
Gamma,LogPDF,5000,PARALLEL,349.312000
Gamma,LogPDF,5000,WORK_STEALING,187.072000
Gamma,CDF,5000,SCALAR,908.043000
Gamma,CDF,5000,VECTORIZED,559.736000
Gamma,CDF,5000,PARALLEL,813.947000
Gamma,CDF,5000,WORK_STEALING,309.932000
Gamma,PDF,10000,SCALAR,1695.141000
Gamma,PDF,10000,VECTORIZED,208.252000
Gamma,PDF,10000,PARALLEL,644.749000
Gamma,PDF,10000,WORK_STEALING,291.314000
Gamma,LogPDF,10000,SCALAR,855.422000
Gamma,LogPDF,10000,VECTORIZED,143.351000
Gamma,LogPDF,10000,PARALLEL,443.370000
Gamma,LogPDF,10000,WORK_STEALING,223.445000
Gamma,CDF,10000,SCALAR,1812.897000
Gamma,CDF,10000,VECTORIZED,1119.914000
Gamma,CDF,10000,PARALLEL,1353.690000
Gamma,CDF,10000,WORK_STEALING,416.177000
Gamma,PDF,20000,SCALAR,3439.624000
Gamma,PDF,20000,VECTORIZED,415.386000
Gamma,PDF,20000,PARALLEL,1038.302000
Gamma,PDF,20000,WORK_STEALING,383.257000
Gamma,LogPDF,20000,SCALAR,1712.371000
Gamma,LogPDF,20000,VECTORIZED,288.472000
Gamma,LogPDF,20000,PARALLEL,643.004000
Gamma,LogPDF,20000,WORK_STEALING,261.039000
Gamma,CDF,20000,SCALAR,3632.194000
Gamma,CDF,20000,VECTORIZED,2226.338000
Gamma,CDF,20000,PARALLEL,2547.388000
Gamma,CDF,20000,WORK_STEALING,560.970000
Gamma,PDF,50000,SCALAR,8915.021000
Gamma,PDF,50000,VECTORIZED,1040.646000
Gamma,PDF,50000,PARALLEL,1550.213000
Gamma,PDF,50000,WORK_STEALING,573.799000
Gamma,LogPDF,50000,SCALAR,4307.949000
Gamma,LogPDF,50000,VECTORIZED,728.715000
Gamma,LogPDF,50000,PARALLEL,829.447000
Gamma,LogPDF,50000,WORK_STEALING,377.836000
Gamma,CDF,50000,SCALAR,9253.649000
Gamma,CDF,50000,VECTORIZED,5733.050000
Gamma,CDF,50000,PARALLEL,3852.924000
Gamma,CDF,50000,WORK_STEALING,1179.907000
Gamma,PDF,100000,SCALAR,18062.750000
Gamma,PDF,100000,VECTORIZED,2091.026000
Gamma,PDF,100000,PARALLEL,1492.717000
Gamma,PDF,100000,WORK_STEALING,845.147000
Gamma,LogPDF,100000,SCALAR,9005.219000
Gamma,LogPDF,100000,VECTORIZED,1510.385000
Gamma,LogPDF,100000,PARALLEL,862.994000
Gamma,LogPDF,100000,WORK_STEALING,500.433000
Gamma,CDF,100000,SCALAR,19061.954000
Gamma,CDF,100000,VECTORIZED,11752.497000
Gamma,CDF,100000,PARALLEL,4409.069000
Gamma,CDF,100000,WORK_STEALING,1987.041000
Gamma,PDF,250000,SCALAR,47023.807000
Gamma,PDF,250000,VECTORIZED,5733.149000
Gamma,PDF,250000,PARALLEL,2993.486000
Gamma,PDF,250000,WORK_STEALING,1640.754000
Gamma,LogPDF,250000,SCALAR,22616.240000
Gamma,LogPDF,250000,VECTORIZED,3906.495000
Gamma,LogPDF,250000,PARALLEL,1558.849000
Gamma,LogPDF,250000,WORK_STEALING,1075.012000
Gamma,CDF,250000,SCALAR,47939.196000
Gamma,CDF,250000,VECTORIZED,29578.568000
Gamma,CDF,250000,PARALLEL,8731.487000
Gamma,CDF,250000,WORK_STEALING,5523.179000
Gamma,PDF,500000,SCALAR,93606.819000
Gamma,PDF,500000,VECTORIZED,11316.357000
Gamma,PDF,500000,PARALLEL,6331.536000
Gamma,PDF,500000,WORK_STEALING,3124.022000
Gamma,LogPDF,500000,SCALAR,43755.764000
Gamma,LogPDF,500000,VECTORIZED,8282.161000
Gamma,LogPDF,500000,PARALLEL,2922.826000
Gamma,LogPDF,500000,WORK_STEALING,1606.919000
Gamma,CDF,500000,SCALAR,92261.452000
Gamma,CDF,500000,VECTORIZED,56917.679000
Gamma,CDF,500000,PARALLEL,16074.814000
Gamma,CDF,500000,WORK_STEALING,8921.626000
StudentT,PDF,8,SCALAR,0.976000
StudentT,PDF,8,VECTORIZED,0.996000
StudentT,PDF,8,PARALLEL,0.744000
StudentT,PDF,8,WORK_STEALING,0.773000
StudentT,LogPDF,8,SCALAR,0.836000
StudentT,LogPDF,8,VECTORIZED,0.536000
StudentT,LogPDF,8,PARALLEL,0.614000
StudentT,LogPDF,8,WORK_STEALING,0.610000
StudentT,CDF,8,SCALAR,3.495000
StudentT,CDF,8,VECTORIZED,2.983000
StudentT,CDF,8,PARALLEL,2.980000
StudentT,CDF,8,WORK_STEALING,2.961000
StudentT,PDF,16,SCALAR,1.913000
StudentT,PDF,16,VECTORIZED,1.168000
StudentT,PDF,16,PARALLEL,1.019000
StudentT,PDF,16,WORK_STEALING,1.021000
StudentT,LogPDF,16,SCALAR,1.521000
StudentT,LogPDF,16,VECTORIZED,0.626000
StudentT,LogPDF,16,PARALLEL,0.765000
StudentT,LogPDF,16,WORK_STEALING,0.769000
StudentT,CDF,16,SCALAR,6.626000
StudentT,CDF,16,VECTORIZED,5.502000
StudentT,CDF,16,PARALLEL,5.419000
StudentT,CDF,16,WORK_STEALING,5.376000
StudentT,PDF,32,SCALAR,3.524000
StudentT,PDF,32,VECTORIZED,1.291000
StudentT,PDF,32,PARALLEL,1.588000
StudentT,PDF,32,WORK_STEALING,1.595000
StudentT,LogPDF,32,SCALAR,2.990000
StudentT,LogPDF,32,VECTORIZED,0.849000
StudentT,LogPDF,32,PARALLEL,1.068000
StudentT,LogPDF,32,WORK_STEALING,1.034000
StudentT,CDF,32,SCALAR,13.726000
StudentT,CDF,32,VECTORIZED,11.595000
StudentT,CDF,32,PARALLEL,11.572000
StudentT,CDF,32,WORK_STEALING,11.520000
StudentT,PDF,64,SCALAR,7.201000
StudentT,PDF,64,VECTORIZED,1.739000
StudentT,PDF,64,PARALLEL,2.654000
StudentT,PDF,64,WORK_STEALING,2.626000
StudentT,LogPDF,64,SCALAR,5.870000
StudentT,LogPDF,64,VECTORIZED,1.244000
StudentT,LogPDF,64,PARALLEL,1.581000
StudentT,LogPDF,64,WORK_STEALING,1.619000
StudentT,CDF,64,SCALAR,27.099000
StudentT,CDF,64,VECTORIZED,22.582000
StudentT,CDF,64,PARALLEL,22.623000
StudentT,CDF,64,WORK_STEALING,22.512000
StudentT,PDF,128,SCALAR,14.329000
StudentT,PDF,128,VECTORIZED,2.938000
StudentT,PDF,128,PARALLEL,4.939000
StudentT,PDF,128,WORK_STEALING,4.965000
StudentT,LogPDF,128,SCALAR,11.552000
StudentT,LogPDF,128,VECTORIZED,2.021000
StudentT,LogPDF,128,PARALLEL,2.647000
StudentT,LogPDF,128,WORK_STEALING,2.681000
StudentT,CDF,128,SCALAR,53.198000
StudentT,CDF,128,VECTORIZED,43.813000
StudentT,CDF,128,PARALLEL,43.820000
StudentT,CDF,128,WORK_STEALING,44.067000
StudentT,PDF,256,SCALAR,28.596000
StudentT,PDF,256,VECTORIZED,5.581000
StudentT,PDF,256,PARALLEL,9.106000
StudentT,PDF,256,WORK_STEALING,9.209000
StudentT,LogPDF,256,SCALAR,22.859000
StudentT,LogPDF,256,VECTORIZED,3.722000
StudentT,LogPDF,256,PARALLEL,4.917000
StudentT,LogPDF,256,WORK_STEALING,4.859000
StudentT,CDF,256,SCALAR,106.645000
StudentT,CDF,256,VECTORIZED,88.351000
StudentT,CDF,256,PARALLEL,88.721000
StudentT,CDF,256,WORK_STEALING,88.394000
StudentT,PDF,512,SCALAR,56.821000
StudentT,PDF,512,VECTORIZED,10.407000
StudentT,PDF,512,PARALLEL,17.799000
StudentT,PDF,512,WORK_STEALING,17.740000
StudentT,LogPDF,512,SCALAR,45.558000
StudentT,LogPDF,512,VECTORIZED,7.019000
StudentT,LogPDF,512,PARALLEL,9.317000
StudentT,LogPDF,512,WORK_STEALING,9.301000
StudentT,CDF,512,SCALAR,211.310000
StudentT,CDF,512,VECTORIZED,174.892000
StudentT,CDF,512,PARALLEL,168.854000
StudentT,CDF,512,WORK_STEALING,169.003000
StudentT,PDF,1000,SCALAR,107.776000
StudentT,PDF,1000,VECTORIZED,19.654000
StudentT,PDF,1000,PARALLEL,33.507000
StudentT,PDF,1000,WORK_STEALING,33.183000
StudentT,LogPDF,1000,SCALAR,86.064000
StudentT,LogPDF,1000,VECTORIZED,12.917000
StudentT,LogPDF,1000,PARALLEL,16.994000
StudentT,LogPDF,1000,WORK_STEALING,17.017000
StudentT,CDF,1000,SCALAR,403.880000
StudentT,CDF,1000,VECTORIZED,334.739000
StudentT,CDF,1000,PARALLEL,334.115000
StudentT,CDF,1000,WORK_STEALING,334.797000
StudentT,PDF,2000,SCALAR,216.422000
StudentT,PDF,2000,VECTORIZED,38.523000
StudentT,PDF,2000,PARALLEL,65.587000
StudentT,PDF,2000,WORK_STEALING,65.608000
StudentT,LogPDF,2000,SCALAR,172.765000
StudentT,LogPDF,2000,VECTORIZED,25.542000
StudentT,LogPDF,2000,PARALLEL,33.720000
StudentT,LogPDF,2000,WORK_STEALING,33.537000
StudentT,CDF,2000,SCALAR,808.536000
StudentT,CDF,2000,VECTORIZED,669.052000
StudentT,CDF,2000,PARALLEL,668.523000
StudentT,CDF,2000,WORK_STEALING,672.188000
StudentT,PDF,5000,SCALAR,542.172000
StudentT,PDF,5000,VECTORIZED,98.028000
StudentT,PDF,5000,PARALLEL,164.676000
StudentT,PDF,5000,WORK_STEALING,164.665000
StudentT,LogPDF,5000,SCALAR,406.758000
StudentT,LogPDF,5000,VECTORIZED,65.763000
StudentT,LogPDF,5000,PARALLEL,84.007000
StudentT,LogPDF,5000,WORK_STEALING,84.175000
StudentT,CDF,5000,SCALAR,2039.758000
StudentT,CDF,5000,VECTORIZED,1677.093000
StudentT,CDF,5000,PARALLEL,1675.067000
StudentT,CDF,5000,WORK_STEALING,1683.329000
StudentT,PDF,10000,SCALAR,1081.366000
StudentT,PDF,10000,VECTORIZED,195.096000
StudentT,PDF,10000,PARALLEL,584.598000
StudentT,PDF,10000,WORK_STEALING,583.751000
StudentT,LogPDF,10000,SCALAR,866.203000
StudentT,LogPDF,10000,VECTORIZED,131.128000
StudentT,LogPDF,10000,PARALLEL,397.540000
StudentT,LogPDF,10000,WORK_STEALING,403.633000
StudentT,CDF,10000,SCALAR,4060.666000
StudentT,CDF,10000,VECTORIZED,3389.890000
StudentT,CDF,10000,PARALLEL,3345.139000
StudentT,CDF,10000,WORK_STEALING,3418.150000
StudentT,PDF,20000,SCALAR,2172.542000
StudentT,PDF,20000,VECTORIZED,393.142000
StudentT,PDF,20000,PARALLEL,800.877000
StudentT,PDF,20000,WORK_STEALING,790.994000
StudentT,LogPDF,20000,SCALAR,1734.060000
StudentT,LogPDF,20000,VECTORIZED,263.697000
StudentT,LogPDF,20000,PARALLEL,481.335000
StudentT,LogPDF,20000,WORK_STEALING,494.675000
StudentT,CDF,20000,SCALAR,8208.717000
StudentT,CDF,20000,VECTORIZED,6813.721000
StudentT,CDF,20000,PARALLEL,6823.052000
StudentT,CDF,20000,WORK_STEALING,6825.536000
StudentT,PDF,50000,SCALAR,5512.219000
StudentT,PDF,50000,VECTORIZED,1001.400000
StudentT,PDF,50000,PARALLEL,1210.417000
StudentT,PDF,50000,WORK_STEALING,1208.057000
StudentT,LogPDF,50000,SCALAR,4387.641000
StudentT,LogPDF,50000,VECTORIZED,710.186000
StudentT,LogPDF,50000,PARALLEL,739.512000
StudentT,LogPDF,50000,WORK_STEALING,738.532000
StudentT,CDF,50000,SCALAR,21188.633000
StudentT,CDF,50000,VECTORIZED,17565.398000
StudentT,CDF,50000,PARALLEL,17602.362000
StudentT,CDF,50000,WORK_STEALING,17599.932000
StudentT,PDF,100000,SCALAR,11371.579000
StudentT,PDF,100000,VECTORIZED,2073.694000
StudentT,PDF,100000,PARALLEL,1330.404000
StudentT,PDF,100000,WORK_STEALING,1254.442000
StudentT,LogPDF,100000,SCALAR,9083.086000
StudentT,LogPDF,100000,VECTORIZED,1415.772000
StudentT,LogPDF,100000,PARALLEL,793.391000
StudentT,LogPDF,100000,WORK_STEALING,736.153000
StudentT,CDF,100000,SCALAR,42454.443000
StudentT,CDF,100000,VECTORIZED,35276.985000
StudentT,CDF,100000,PARALLEL,35173.533000
StudentT,CDF,100000,WORK_STEALING,33989.196000
StudentT,PDF,250000,SCALAR,27521.818000
StudentT,PDF,250000,VECTORIZED,5176.539000
StudentT,PDF,250000,PARALLEL,2324.528000
StudentT,PDF,250000,WORK_STEALING,2410.880000
StudentT,LogPDF,250000,SCALAR,22120.386000
StudentT,LogPDF,250000,VECTORIZED,3532.784000
StudentT,LogPDF,250000,PARALLEL,1319.596000
StudentT,LogPDF,250000,WORK_STEALING,1302.958000
StudentT,CDF,250000,SCALAR,102617.177000
StudentT,CDF,250000,VECTORIZED,85140.881000
StudentT,CDF,250000,PARALLEL,85261.530000
StudentT,CDF,250000,WORK_STEALING,84879.620000
StudentT,PDF,500000,SCALAR,54990.904000
StudentT,PDF,500000,VECTORIZED,10525.945000
StudentT,PDF,500000,PARALLEL,4710.908000
StudentT,PDF,500000,WORK_STEALING,4707.626000
StudentT,LogPDF,500000,SCALAR,44361.856000
StudentT,LogPDF,500000,VECTORIZED,7222.205000
StudentT,LogPDF,500000,PARALLEL,2581.095000
StudentT,LogPDF,500000,WORK_STEALING,2484.480000
StudentT,CDF,500000,SCALAR,206548.826000
StudentT,CDF,500000,VECTORIZED,170116.467000
StudentT,CDF,500000,PARALLEL,169793.972000
StudentT,CDF,500000,WORK_STEALING,169815.252000
Beta,PDF,8,SCALAR,1.037000
Beta,PDF,8,VECTORIZED,1.599000
Beta,PDF,8,PARALLEL,0.958000
Beta,PDF,8,WORK_STEALING,0.912000
Beta,LogPDF,8,SCALAR,0.841000
Beta,LogPDF,8,VECTORIZED,1.330000
Beta,LogPDF,8,PARALLEL,0.805000
Beta,LogPDF,8,WORK_STEALING,0.789000
Beta,CDF,8,SCALAR,2.278000
Beta,CDF,8,VECTORIZED,1.824000
Beta,CDF,8,PARALLEL,2.273000
Beta,CDF,8,WORK_STEALING,2.309000
Beta,PDF,16,SCALAR,1.967000
Beta,PDF,16,VECTORIZED,2.055000
Beta,PDF,16,PARALLEL,1.362000
Beta,PDF,16,WORK_STEALING,1.458000
Beta,LogPDF,16,SCALAR,1.614000
Beta,LogPDF,16,VECTORIZED,1.644000
Beta,LogPDF,16,PARALLEL,1.134000
Beta,LogPDF,16,WORK_STEALING,1.134000
Beta,CDF,16,SCALAR,4.480000
Beta,CDF,16,VECTORIZED,3.687000
Beta,CDF,16,PARALLEL,4.576000
Beta,CDF,16,WORK_STEALING,4.529000
Beta,PDF,32,SCALAR,3.689000
Beta,PDF,32,VECTORIZED,2.711000
Beta,PDF,32,PARALLEL,2.396000
Beta,PDF,32,WORK_STEALING,2.398000
Beta,LogPDF,32,SCALAR,3.107000
Beta,LogPDF,32,VECTORIZED,2.391000
Beta,LogPDF,32,PARALLEL,1.785000
Beta,LogPDF,32,WORK_STEALING,1.774000
Beta,CDF,32,SCALAR,8.273000
Beta,CDF,32,VECTORIZED,6.567000
Beta,CDF,32,PARALLEL,8.289000
Beta,CDF,32,WORK_STEALING,8.297000
Beta,PDF,64,SCALAR,7.117000
Beta,PDF,64,VECTORIZED,5.176000
Beta,PDF,64,PARALLEL,4.325000
Beta,PDF,64,WORK_STEALING,4.294000
Beta,LogPDF,64,SCALAR,5.909000
Beta,LogPDF,64,VECTORIZED,4.471000
Beta,LogPDF,64,PARALLEL,3.340000
Beta,LogPDF,64,WORK_STEALING,3.265000
Beta,CDF,64,SCALAR,15.262000
Beta,CDF,64,VECTORIZED,12.087000
Beta,CDF,64,PARALLEL,15.225000
Beta,CDF,64,WORK_STEALING,15.294000
Beta,PDF,128,SCALAR,14.715000
Beta,PDF,128,VECTORIZED,6.006000
Beta,PDF,128,PARALLEL,8.035000
Beta,PDF,128,WORK_STEALING,7.800000
Beta,LogPDF,128,SCALAR,12.210000
Beta,LogPDF,128,VECTORIZED,5.160000
Beta,LogPDF,128,PARALLEL,5.605000
Beta,LogPDF,128,WORK_STEALING,5.695000
Beta,CDF,128,SCALAR,34.087000
Beta,CDF,128,VECTORIZED,26.992000
Beta,CDF,128,PARALLEL,34.312000
Beta,CDF,128,WORK_STEALING,34.411000
Beta,PDF,256,SCALAR,29.791000
Beta,PDF,256,VECTORIZED,10.980000
Beta,PDF,256,PARALLEL,15.127000
Beta,PDF,256,WORK_STEALING,15.072000
Beta,LogPDF,256,SCALAR,24.528000
Beta,LogPDF,256,VECTORIZED,9.320000
Beta,LogPDF,256,PARALLEL,10.333000
Beta,LogPDF,256,WORK_STEALING,10.303000
Beta,CDF,256,SCALAR,70.395000
Beta,CDF,256,VECTORIZED,55.603000
Beta,CDF,256,PARALLEL,70.602000
Beta,CDF,256,WORK_STEALING,70.613000
Beta,PDF,512,SCALAR,58.461000
Beta,PDF,512,VECTORIZED,22.243000
Beta,PDF,512,PARALLEL,30.360000
Beta,PDF,512,WORK_STEALING,30.146000
Beta,LogPDF,512,SCALAR,48.958000
Beta,LogPDF,512,VECTORIZED,19.206000
Beta,LogPDF,512,PARALLEL,21.396000
Beta,LogPDF,512,WORK_STEALING,21.451000
Beta,CDF,512,SCALAR,133.026000
Beta,CDF,512,VECTORIZED,104.853000
Beta,CDF,512,PARALLEL,133.426000
Beta,CDF,512,WORK_STEALING,133.835000
Beta,PDF,1000,SCALAR,114.290000
Beta,PDF,1000,VECTORIZED,43.503000
Beta,PDF,1000,PARALLEL,59.329000
Beta,PDF,1000,WORK_STEALING,59.060000
Beta,LogPDF,1000,SCALAR,95.221000
Beta,LogPDF,1000,VECTORIZED,37.280000
Beta,LogPDF,1000,PARALLEL,41.877000
Beta,LogPDF,1000,WORK_STEALING,41.426000
Beta,CDF,1000,SCALAR,261.676000
Beta,CDF,1000,VECTORIZED,204.678000
Beta,CDF,1000,PARALLEL,260.923000
Beta,CDF,1000,WORK_STEALING,261.168000
Beta,PDF,2000,SCALAR,228.795000
Beta,PDF,2000,VECTORIZED,86.042000
Beta,PDF,2000,PARALLEL,117.490000
Beta,PDF,2000,WORK_STEALING,117.510000
Beta,LogPDF,2000,SCALAR,190.196000
Beta,LogPDF,2000,VECTORIZED,72.463000
Beta,LogPDF,2000,PARALLEL,82.983000
Beta,LogPDF,2000,WORK_STEALING,82.728000
Beta,CDF,2000,SCALAR,528.214000
Beta,CDF,2000,VECTORIZED,415.186000
Beta,CDF,2000,PARALLEL,528.132000
Beta,CDF,2000,WORK_STEALING,524.447000
Beta,PDF,5000,SCALAR,571.624000
Beta,PDF,5000,VECTORIZED,223.072000
Beta,PDF,5000,PARALLEL,296.640000
Beta,PDF,5000,WORK_STEALING,294.176000
Beta,LogPDF,5000,SCALAR,474.843000
Beta,LogPDF,5000,VECTORIZED,188.490000
Beta,LogPDF,5000,PARALLEL,210.079000
Beta,LogPDF,5000,WORK_STEALING,208.948000
Beta,CDF,5000,SCALAR,1312.694000
Beta,CDF,5000,VECTORIZED,1031.968000
Beta,CDF,5000,PARALLEL,1317.140000
Beta,CDF,5000,WORK_STEALING,1312.706000
Beta,PDF,10000,SCALAR,1139.424000
Beta,PDF,10000,VECTORIZED,440.552000
Beta,PDF,10000,PARALLEL,743.900000
Beta,PDF,10000,WORK_STEALING,754.032000
Beta,LogPDF,10000,SCALAR,951.118000
Beta,LogPDF,10000,VECTORIZED,377.767000
Beta,LogPDF,10000,PARALLEL,579.703000
Beta,LogPDF,10000,WORK_STEALING,575.570000
Beta,CDF,10000,SCALAR,2638.883000
Beta,CDF,10000,VECTORIZED,2055.770000
Beta,CDF,10000,PARALLEL,2617.753000
Beta,CDF,10000,WORK_STEALING,2610.802000
Beta,PDF,20000,SCALAR,2299.900000
Beta,PDF,20000,VECTORIZED,895.672000
Beta,PDF,20000,PARALLEL,1354.222000
Beta,PDF,20000,WORK_STEALING,1353.656000
Beta,LogPDF,20000,SCALAR,1919.340000
Beta,LogPDF,20000,VECTORIZED,766.098000
Beta,LogPDF,20000,PARALLEL,1028.715000
Beta,LogPDF,20000,WORK_STEALING,1025.967000
Beta,CDF,20000,SCALAR,5303.753000
Beta,CDF,20000,VECTORIZED,4121.391000
Beta,CDF,20000,PARALLEL,5305.967000
Beta,CDF,20000,WORK_STEALING,5210.427000
Beta,PDF,50000,SCALAR,5801.108000
Beta,PDF,50000,VECTORIZED,2238.532000
Beta,PDF,50000,PARALLEL,3097.306000
Beta,PDF,50000,WORK_STEALING,3132.227000
Beta,LogPDF,50000,SCALAR,4855.107000
Beta,LogPDF,50000,VECTORIZED,1918.572000
Beta,LogPDF,50000,PARALLEL,2663.504000
Beta,LogPDF,50000,WORK_STEALING,2660.711000
Beta,CDF,50000,SCALAR,13645.976000
Beta,CDF,50000,VECTORIZED,10509.694000
Beta,CDF,50000,PARALLEL,13288.983000
Beta,CDF,50000,WORK_STEALING,13244.898000
Beta,PDF,100000,SCALAR,11534.897000
Beta,PDF,100000,VECTORIZED,4499.069000
Beta,PDF,100000,PARALLEL,7390.987000
Beta,PDF,100000,WORK_STEALING,6733.591000
Beta,LogPDF,100000,SCALAR,10055.888000
Beta,LogPDF,100000,VECTORIZED,3937.124000
Beta,LogPDF,100000,PARALLEL,5223.059000
Beta,LogPDF,100000,WORK_STEALING,5292.639000
Beta,CDF,100000,SCALAR,27187.490000
Beta,CDF,100000,VECTORIZED,21408.717000
Beta,CDF,100000,PARALLEL,26603.161000
Beta,CDF,100000,WORK_STEALING,26540.190000
Beta,PDF,250000,SCALAR,29528.332000
Beta,PDF,250000,VECTORIZED,11863.217000
Beta,PDF,250000,PARALLEL,17156.378000
Beta,PDF,250000,WORK_STEALING,17336.405000
Beta,LogPDF,250000,SCALAR,26880.563000
Beta,LogPDF,250000,VECTORIZED,10306.767000
Beta,LogPDF,250000,PARALLEL,13671.685000
Beta,LogPDF,250000,WORK_STEALING,13680.404000
Beta,CDF,250000,SCALAR,70341.281000
Beta,CDF,250000,VECTORIZED,55862.159000
Beta,CDF,250000,PARALLEL,68742.652000
Beta,CDF,250000,WORK_STEALING,68656.675000
Beta,PDF,500000,SCALAR,59917.840000
Beta,PDF,500000,VECTORIZED,24361.364000
Beta,PDF,500000,PARALLEL,34466.177000
Beta,PDF,500000,WORK_STEALING,34291.895000
Beta,LogPDF,500000,SCALAR,54250.002000
Beta,LogPDF,500000,VECTORIZED,21277.706000
Beta,LogPDF,500000,PARALLEL,26340.200000
Beta,LogPDF,500000,WORK_STEALING,26255.335000
Beta,CDF,500000,SCALAR,136394.416000
Beta,CDF,500000,VECTORIZED,108210.939000
Beta,CDF,500000,PARALLEL,133025.700000
Beta,CDF,500000,WORK_STEALING,137383.802000
ChiSquared,PDF,8,SCALAR,1.427000
ChiSquared,PDF,8,VECTORIZED,1.223000
ChiSquared,PDF,8,PARALLEL,0.492000
ChiSquared,PDF,8,WORK_STEALING,0.542000
ChiSquared,LogPDF,8,SCALAR,0.839000
ChiSquared,LogPDF,8,VECTORIZED,1.075000
ChiSquared,LogPDF,8,PARALLEL,0.319000
ChiSquared,LogPDF,8,WORK_STEALING,0.385000
ChiSquared,CDF,8,SCALAR,1.518000
ChiSquared,CDF,8,VECTORIZED,1.562000
ChiSquared,CDF,8,PARALLEL,0.928000
ChiSquared,CDF,8,WORK_STEALING,1.030000
ChiSquared,PDF,16,SCALAR,2.848000
ChiSquared,PDF,16,VECTORIZED,1.349000
ChiSquared,PDF,16,PARALLEL,0.772000
ChiSquared,PDF,16,WORK_STEALING,0.857000
ChiSquared,LogPDF,16,SCALAR,1.498000
ChiSquared,LogPDF,16,VECTORIZED,1.200000
ChiSquared,LogPDF,16,PARALLEL,0.478000
ChiSquared,LogPDF,16,WORK_STEALING,0.519000
ChiSquared,CDF,16,SCALAR,2.977000
ChiSquared,CDF,16,VECTORIZED,2.748000
ChiSquared,CDF,16,PARALLEL,1.920000
ChiSquared,CDF,16,WORK_STEALING,1.985000
ChiSquared,PDF,32,SCALAR,5.558000
ChiSquared,PDF,32,VECTORIZED,1.740000
ChiSquared,PDF,32,PARALLEL,1.428000
ChiSquared,PDF,32,WORK_STEALING,1.448000
ChiSquared,LogPDF,32,SCALAR,2.954000
ChiSquared,LogPDF,32,VECTORIZED,1.491000
ChiSquared,LogPDF,32,PARALLEL,0.804000
ChiSquared,LogPDF,32,WORK_STEALING,0.805000
ChiSquared,CDF,32,SCALAR,5.915000
ChiSquared,CDF,32,VECTORIZED,4.370000
ChiSquared,CDF,32,PARALLEL,3.513000
ChiSquared,CDF,32,WORK_STEALING,3.518000
ChiSquared,PDF,64,SCALAR,10.809000
ChiSquared,PDF,64,VECTORIZED,2.106000
ChiSquared,PDF,64,PARALLEL,2.685000
ChiSquared,PDF,64,WORK_STEALING,2.729000
ChiSquared,LogPDF,64,SCALAR,5.811000
ChiSquared,LogPDF,64,VECTORIZED,1.728000
ChiSquared,LogPDF,64,PARALLEL,1.419000
ChiSquared,LogPDF,64,WORK_STEALING,1.431000
ChiSquared,CDF,64,SCALAR,11.891000
ChiSquared,CDF,64,VECTORIZED,7.823000
ChiSquared,CDF,64,PARALLEL,7.138000
ChiSquared,CDF,64,WORK_STEALING,7.199000
ChiSquared,PDF,128,SCALAR,21.874000
ChiSquared,PDF,128,VECTORIZED,3.180000
ChiSquared,PDF,128,PARALLEL,5.155000
ChiSquared,PDF,128,WORK_STEALING,5.241000
ChiSquared,LogPDF,128,SCALAR,11.219000
ChiSquared,LogPDF,128,VECTORIZED,2.348000
ChiSquared,LogPDF,128,PARALLEL,2.684000
ChiSquared,LogPDF,128,WORK_STEALING,2.586000
ChiSquared,CDF,128,SCALAR,23.740000
ChiSquared,CDF,128,VECTORIZED,14.334000
ChiSquared,CDF,128,PARALLEL,14.178000
ChiSquared,CDF,128,WORK_STEALING,14.215000
ChiSquared,PDF,256,SCALAR,43.672000
ChiSquared,PDF,256,VECTORIZED,5.637000
ChiSquared,PDF,256,PARALLEL,10.162000
ChiSquared,PDF,256,WORK_STEALING,10.229000
ChiSquared,LogPDF,256,SCALAR,22.606000
ChiSquared,LogPDF,256,VECTORIZED,4.109000
ChiSquared,LogPDF,256,PARALLEL,5.203000
ChiSquared,LogPDF,256,WORK_STEALING,4.915000
ChiSquared,CDF,256,SCALAR,47.412000
ChiSquared,CDF,256,VECTORIZED,28.998000
ChiSquared,CDF,256,PARALLEL,28.640000
ChiSquared,CDF,256,WORK_STEALING,28.433000
ChiSquared,PDF,512,SCALAR,87.323000
ChiSquared,PDF,512,VECTORIZED,10.682000
ChiSquared,PDF,512,PARALLEL,20.041000
ChiSquared,PDF,512,WORK_STEALING,19.970000
ChiSquared,LogPDF,512,SCALAR,44.971000
ChiSquared,LogPDF,512,VECTORIZED,7.404000
ChiSquared,LogPDF,512,PARALLEL,10.257000
ChiSquared,LogPDF,512,WORK_STEALING,9.559000
ChiSquared,CDF,512,SCALAR,94.417000
ChiSquared,CDF,512,VECTORIZED,57.812000
ChiSquared,CDF,512,PARALLEL,57.725000
ChiSquared,CDF,512,WORK_STEALING,57.368000
ChiSquared,PDF,1000,SCALAR,170.551000
ChiSquared,PDF,1000,VECTORIZED,20.383000
ChiSquared,PDF,1000,PARALLEL,39.028000
ChiSquared,PDF,1000,WORK_STEALING,38.749000
ChiSquared,LogPDF,1000,SCALAR,88.035000
ChiSquared,LogPDF,1000,VECTORIZED,14.023000
ChiSquared,LogPDF,1000,PARALLEL,19.719000
ChiSquared,LogPDF,1000,WORK_STEALING,18.480000
ChiSquared,CDF,1000,SCALAR,185.249000
ChiSquared,CDF,1000,VECTORIZED,115.506000
ChiSquared,CDF,1000,PARALLEL,114.997000
ChiSquared,CDF,1000,WORK_STEALING,114.515000
ChiSquared,PDF,2000,SCALAR,341.840000
ChiSquared,PDF,2000,VECTORIZED,40.817000
ChiSquared,PDF,2000,PARALLEL,77.592000
ChiSquared,PDF,2000,WORK_STEALING,77.248000
ChiSquared,LogPDF,2000,SCALAR,176.214000
ChiSquared,LogPDF,2000,VECTORIZED,28.153000
ChiSquared,LogPDF,2000,PARALLEL,39.213000
ChiSquared,LogPDF,2000,WORK_STEALING,36.797000
ChiSquared,CDF,2000,SCALAR,371.916000
ChiSquared,CDF,2000,VECTORIZED,235.901000
ChiSquared,CDF,2000,PARALLEL,234.523000
ChiSquared,CDF,2000,WORK_STEALING,231.114000
ChiSquared,PDF,5000,SCALAR,855.697000
ChiSquared,PDF,5000,VECTORIZED,103.628000
ChiSquared,PDF,5000,PARALLEL,333.975000
ChiSquared,PDF,5000,WORK_STEALING,214.486000
ChiSquared,LogPDF,5000,SCALAR,442.043000
ChiSquared,LogPDF,5000,VECTORIZED,72.013000
ChiSquared,LogPDF,5000,PARALLEL,230.630000
ChiSquared,LogPDF,5000,WORK_STEALING,168.750000
ChiSquared,CDF,5000,SCALAR,931.059000
ChiSquared,CDF,5000,VECTORIZED,592.076000
ChiSquared,CDF,5000,PARALLEL,723.990000
ChiSquared,CDF,5000,WORK_STEALING,383.755000
ChiSquared,PDF,10000,SCALAR,1707.995000
ChiSquared,PDF,10000,VECTORIZED,206.983000
ChiSquared,PDF,10000,PARALLEL,534.753000
ChiSquared,PDF,10000,WORK_STEALING,258.106000
ChiSquared,LogPDF,10000,SCALAR,883.501000
ChiSquared,LogPDF,10000,VECTORIZED,144.790000
ChiSquared,LogPDF,10000,PARALLEL,333.037000
ChiSquared,LogPDF,10000,WORK_STEALING,196.366000
ChiSquared,CDF,10000,SCALAR,1865.907000
ChiSquared,CDF,10000,VECTORIZED,1179.908000
ChiSquared,CDF,10000,PARALLEL,1317.084000
ChiSquared,CDF,10000,WORK_STEALING,406.415000
ChiSquared,PDF,20000,SCALAR,3456.736000
ChiSquared,PDF,20000,VECTORIZED,415.075000
ChiSquared,PDF,20000,PARALLEL,936.874000
ChiSquared,PDF,20000,WORK_STEALING,377.527000
ChiSquared,LogPDF,20000,SCALAR,1770.347000
ChiSquared,LogPDF,20000,VECTORIZED,289.590000
ChiSquared,LogPDF,20000,PARALLEL,549.121000
ChiSquared,LogPDF,20000,WORK_STEALING,266.186000
ChiSquared,CDF,20000,SCALAR,3735.991000
ChiSquared,CDF,20000,VECTORIZED,2414.656000
ChiSquared,CDF,20000,PARALLEL,2525.131000
ChiSquared,CDF,20000,WORK_STEALING,633.810000
ChiSquared,PDF,50000,SCALAR,8768.906000
ChiSquared,PDF,50000,VECTORIZED,1037.996000
ChiSquared,PDF,50000,PARALLEL,1412.632000
ChiSquared,PDF,50000,WORK_STEALING,556.281000
ChiSquared,LogPDF,50000,SCALAR,4289.635000
ChiSquared,LogPDF,50000,VECTORIZED,708.823000
ChiSquared,LogPDF,50000,PARALLEL,784.367000
ChiSquared,LogPDF,50000,WORK_STEALING,325.851000
ChiSquared,CDF,50000,SCALAR,9178.469000
ChiSquared,CDF,50000,VECTORIZED,5830.911000
ChiSquared,CDF,50000,PARALLEL,3901.768000
ChiSquared,CDF,50000,WORK_STEALING,1137.076000
ChiSquared,PDF,100000,SCALAR,17466.450000
ChiSquared,PDF,100000,VECTORIZED,2014.483000
ChiSquared,PDF,100000,PARALLEL,1407.913000
ChiSquared,PDF,100000,WORK_STEALING,693.799000
ChiSquared,LogPDF,100000,SCALAR,8666.265000
ChiSquared,LogPDF,100000,VECTORIZED,1399.352000
ChiSquared,LogPDF,100000,PARALLEL,790.514000
ChiSquared,LogPDF,100000,WORK_STEALING,466.344000
ChiSquared,CDF,100000,SCALAR,18474.985000
ChiSquared,CDF,100000,VECTORIZED,11649.111000
ChiSquared,CDF,100000,PARALLEL,4300.780000
ChiSquared,CDF,100000,WORK_STEALING,2166.615000
ChiSquared,PDF,250000,SCALAR,44439.148000
ChiSquared,PDF,250000,VECTORIZED,5223.320000
ChiSquared,PDF,250000,PARALLEL,2713.922000
ChiSquared,PDF,250000,WORK_STEALING,1425.777000
ChiSquared,LogPDF,250000,SCALAR,21812.825000
ChiSquared,LogPDF,250000,VECTORIZED,3717.870000
ChiSquared,LogPDF,250000,PARALLEL,1468.757000
ChiSquared,LogPDF,250000,WORK_STEALING,854.389000
ChiSquared,CDF,250000,SCALAR,46089.342000
ChiSquared,CDF,250000,VECTORIZED,29105.854000
ChiSquared,CDF,250000,PARALLEL,8053.222000
ChiSquared,CDF,250000,WORK_STEALING,4681.841000
ChiSquared,PDF,500000,SCALAR,89011.909000
ChiSquared,PDF,500000,VECTORIZED,11348.492000
ChiSquared,PDF,500000,PARALLEL,6347.036000
ChiSquared,PDF,500000,WORK_STEALING,2833.422000
ChiSquared,LogPDF,500000,SCALAR,45162.959000
ChiSquared,LogPDF,500000,VECTORIZED,8176.144000
ChiSquared,LogPDF,500000,PARALLEL,2883.237000
ChiSquared,LogPDF,500000,WORK_STEALING,1734.745000
ChiSquared,CDF,500000,SCALAR,94949.249000
ChiSquared,CDF,500000,VECTORIZED,58402.911000
ChiSquared,CDF,500000,PARALLEL,15998.711000
ChiSquared,CDF,500000,WORK_STEALING,9477.315000
