distribution,operation,batch_size,best_strategy,best_time_us,scalar_time_us,speedup_vs_scalar
Beta,CDF,8,VECTORIZED,1.252,1.658,1.324
Beta,CDF,16,VECTORIZED,2.437,3.297,1.353
Beta,CDF,32,VECTORIZED,4.524,6.302,1.393
Beta,CDF,64,VECTORIZED,8.263,11.549,1.398
Beta,CDF,128,VECTORIZED,18.766,25.949,1.383
Beta,CDF,256,VECTORIZED,39.654,53.871,1.359
Beta,CDF,512,VECTORIZED,73.947,107.63,1.456
Beta,CDF,1000,VECTORIZED,150.541,211.037,1.402
Beta,CDF,2000,VECTORIZED,293.511,421.688,1.437
Beta,CDF,5000,VECTORIZED,733.541,1101.81,1.502
Beta,CDF,10000,VECTORIZED,1497.362,2076.387,1.387
Beta,CDF,20000,VECTORIZED,3058.145,4261.475,1.393
Beta,CDF,50000,VECTORIZED,7394.72,10196.959,1.379
Beta,CDF,100000,VECTORIZED,14874.081,20411.823,1.372
Beta,CDF,250000,VECTORIZED,39713.597,54558.686,1.374
Beta,CDF,500000,VECTORIZED,76353.624,108133.486,1.416
Beta,LogPDF,8,WORK_STEALING,0.58,0.776,1.338
Beta,LogPDF,16,WORK_STEALING,0.821,1.521,1.853
Beta,LogPDF,32,WORK_STEALING,1.434,2.82,1.967
Beta,LogPDF,64,WORK_STEALING,2.676,5.717,2.136
Beta,LogPDF,128,VECTORIZED,3.803,12.151,3.195
Beta,LogPDF,256,VECTORIZED,6.28,22.399,3.567
Beta,LogPDF,512,VECTORIZED,14.928,48.628,3.258
Beta,LogPDF,1000,VECTORIZED,28.851,96.709,3.352
Beta,LogPDF,2000,VECTORIZED,58.787,193.631,3.294
Beta,LogPDF,5000,VECTORIZED,139.933,447.077,3.195
Beta,LogPDF,10000,VECTORIZED,322.386,904.276,2.805
Beta,LogPDF,20000,VECTORIZED,604.568,2149.963,3.556
Beta,LogPDF,50000,VECTORIZED,1404.607,4916.122,3.5
Beta,LogPDF,100000,VECTORIZED,2926.962,9512.36,3.25
Beta,LogPDF,250000,VECTORIZED,8077.815,23750.288,2.94
Beta,LogPDF,500000,VECTORIZED,16603.17,47104.603,2.837
Beta,PDF,8,WORK_STEALING,0.678,0.942,1.389
Beta,PDF,16,WORK_STEALING,1.081,1.751,1.62
Beta,PDF,32,VECTORIZED,1.902,3.43,1.803
Beta,PDF,64,VECTORIZED,3.118,6.588,2.113
Beta,PDF,128,VECTORIZED,4.085,13.785,3.375
Beta,PDF,256,VECTORIZED,7.537,26.973,3.579
Beta,PDF,512,VECTORIZED,16.861,56.362,3.343
Beta,PDF,1000,VECTORIZED,33.569,114.508,3.411
Beta,PDF,2000,VECTORIZED,61.234,221.998,3.625
Beta,PDF,5000,VECTORIZED,159.332,565.452,3.549
Beta,PDF,10000,VECTORIZED,343.525,1104.677,3.216
Beta,PDF,20000,VECTORIZED,653.35,2208.022,3.38
Beta,PDF,50000,VECTORIZED,1666.887,5515.97,3.309
Beta,PDF,100000,VECTORIZED,3421.353,10872.491,3.178
Beta,PDF,250000,VECTORIZED,9261.105,28862.668,3.117
Beta,PDF,500000,VECTORIZED,18759.322,55909.674,2.98
ChiSquared,CDF,8,WORK_STEALING,0.761,1.247,1.639
ChiSquared,CDF,16,PARALLEL,1.451,2.448,1.687
ChiSquared,CDF,32,WORK_STEALING,2.688,4.956,1.844
ChiSquared,CDF,64,WORK_STEALING,5.254,10.072,1.917
ChiSquared,CDF,128,WORK_STEALING,10.489,20.093,1.916
ChiSquared,CDF,256,WORK_STEALING,22.251,41.893,1.883
ChiSquared,CDF,512,WORK_STEALING,45.382,82.09,1.809
ChiSquared,CDF,1000,WORK_STEALING,89.524,164.5,1.837
ChiSquared,CDF,2000,WORK_STEALING,189.098,341.462,1.806
ChiSquared,CDF,5000,WORK_STEALING,400.891,802.052,2.001
ChiSquared,CDF,10000,WORK_STEALING,475.294,1653.611,3.479
ChiSquared,CDF,20000,WORK_STEALING,598.151,3380.129,5.651
ChiSquared,CDF,50000,WORK_STEALING,1275.405,8866.315,6.952
ChiSquared,CDF,100000,WORK_STEALING,2206.945,17804.283,8.067
ChiSquared,CDF,250000,WORK_STEALING,5526.219,45146.338,8.169
ChiSquared,CDF,500000,WORK_STEALING,12424.388,90282.907,7.267
ChiSquared,LogPDF,8,WORK_STEALING,0.273,0.738,2.703
ChiSquared,LogPDF,16,WORK_STEALING,0.358,1.422,3.972
ChiSquared,LogPDF,32,WORK_STEALING,0.582,2.69,4.622
ChiSquared,LogPDF,64,WORK_STEALING,0.978,5.113,5.228
ChiSquared,LogPDF,128,VECTORIZED,1.405,10.15,7.224
ChiSquared,LogPDF,256,VECTORIZED,2.415,21.487,8.897
ChiSquared,LogPDF,512,VECTORIZED,4.509,41.406,9.183
ChiSquared,LogPDF,1000,VECTORIZED,8.362,80.936,9.679
ChiSquared,LogPDF,2000,VECTORIZED,17.427,164.18,9.421
ChiSquared,LogPDF,5000,VECTORIZED,41.743,399.46,9.57
ChiSquared,LogPDF,10000,VECTORIZED,82.764,785.411,9.49
ChiSquared,LogPDF,20000,VECTORIZED,169.288,1592.501,9.407
ChiSquared,LogPDF,50000,VECTORIZED,446.941,4303.628,9.629
ChiSquared,LogPDF,100000,WORK_STEALING,644.719,8606.59,13.349
ChiSquared,LogPDF,250000,WORK_STEALING,1284.253,22938.344,17.861
ChiSquared,LogPDF,500000,WORK_STEALING,1483.282,43946.748,29.628
ChiSquared,PDF,8,WORK_STEALING,0.404,1.343,3.324
ChiSquared,PDF,16,PARALLEL,0.624,2.564,4.109
ChiSquared,PDF,32,PARALLEL,1.16,5.213,4.494
ChiSquared,PDF,64,VECTORIZED,1.511,10.082,6.672
ChiSquared,PDF,128,VECTORIZED,2.063,20.479,9.927
ChiSquared,PDF,256,VECTORIZED,3.668,41.856,11.411
ChiSquared,PDF,512,VECTORIZED,6.987,82.192,11.764
ChiSquared,PDF,1000,VECTORIZED,13.799,164.702,11.936
ChiSquared,PDF,2000,VECTORIZED,27.287,337.78,12.379
ChiSquared,PDF,5000,VECTORIZED,67.21,807.542,12.015
ChiSquared,PDF,10000,VECTORIZED,129.504,1661.799,12.832
ChiSquared,PDF,20000,VECTORIZED,295.997,3559.359,12.025
ChiSquared,PDF,50000,WORK_STEALING,553.27,8598.857,15.542
ChiSquared,PDF,100000,WORK_STEALING,843.277,19289.136,22.874
ChiSquared,PDF,250000,WORK_STEALING,1655.998,44184.881,26.682
ChiSquared,PDF,500000,WORK_STEALING,2664.156,87561.25,32.866
Discrete,CDF,8,VECTORIZED,0.195,0.585,3.0
Discrete,CDF,16,PARALLEL,0.242,1.09,4.504
Discrete,CDF,32,WORK_STEALING,0.338,2.584,7.645
Discrete,CDF,64,WORK_STEALING,0.488,4.413,9.043
Discrete,CDF,128,WORK_STEALING,0.709,9.56,13.484
Discrete,CDF,256,WORK_STEALING,1.381,16.974,12.291
Discrete,CDF,512,VECTORIZED,1.996,32.375,16.22
Discrete,CDF,1000,WORK_STEALING,4.292,66.075,15.395
Discrete,CDF,2000,VECTORIZED,7.78,129.29,16.618
Discrete,CDF,5000,VECTORIZED,24.219,333.603,13.774
Discrete,CDF,10000,VECTORIZED,45.172,653.913,14.476
Discrete,CDF,20000,VECTORIZED,124.182,1427.214,11.493
Discrete,CDF,50000,WORK_STEALING,215.904,3357.277,15.55
Discrete,CDF,100000,WORK_STEALING,278.062,6910.17,24.851
Discrete,CDF,250000,WORK_STEALING,471.137,17315.039,36.752
Discrete,CDF,500000,WORK_STEALING,609.68,33393.506,54.772
Discrete,LogPDF,8,VECTORIZED,0.203,0.757,3.729
Discrete,LogPDF,16,WORK_STEALING,0.281,1.263,4.495
Discrete,LogPDF,32,VECTORIZED,0.366,2.701,7.38
Discrete,LogPDF,64,VECTORIZED,0.637,5.345,8.391
Discrete,LogPDF,128,WORK_STEALING,0.673,10.468,15.554
Discrete,LogPDF,256,WORK_STEALING,1.405,18.0,12.811
Discrete,LogPDF,512,WORK_STEALING,2.724,35.529,13.043
Discrete,LogPDF,1000,WORK_STEALING,5.161,70.474,13.655
Discrete,LogPDF,2000,WORK_STEALING,9.114,143.781,15.776
Discrete,LogPDF,5000,VECTORIZED,24.633,345.96,14.045
Discrete,LogPDF,10000,VECTORIZED,47.205,699.132,14.811
Discrete,LogPDF,20000,VECTORIZED,106.854,1457.63,13.641
Discrete,LogPDF,50000,WORK_STEALING,208.233,3688.981,17.716
Discrete,LogPDF,100000,WORK_STEALING,294.133,7140.568,24.277
Discrete,LogPDF,250000,WORK_STEALING,515.026,18409.459,35.745
Discrete,LogPDF,500000,WORK_STEALING,674.444,35205.579,52.199
Discrete,PDF,8,VECTORIZED,0.189,0.659,3.487
Discrete,PDF,16,PARALLEL,0.26,1.386,5.331
Discrete,PDF,32,VECTORIZED,0.32,2.673,8.353
Discrete,PDF,64,VECTORIZED,0.43,4.594,10.684
Discrete,PDF,128,VECTORIZED,0.683,9.654,14.135
Discrete,PDF,256,VECTORIZED,1.059,21.218,20.036
Discrete,PDF,512,VECTORIZED,2.035,35.556,17.472
Discrete,PDF,1000,VECTORIZED,3.782,67.817,17.932
Discrete,PDF,2000,VECTORIZED,7.311,135.357,18.514
Discrete,PDF,5000,VECTORIZED,20.843,359.055,17.227
Discrete,PDF,10000,VECTORIZED,33.743,676.962,20.062
Discrete,PDF,20000,VECTORIZED,74.684,1469.176,19.672
Discrete,PDF,50000,VECTORIZED,184.545,3791.954,20.548
Discrete,PDF,100000,WORK_STEALING,246.9,7012.905,28.404
Discrete,PDF,250000,WORK_STEALING,423.83,18585.281,43.851
Discrete,PDF,500000,WORK_STEALING,661.421,36504.644,55.191
Exponential,CDF,8,WORK_STEALING,0.25,0.71,2.84
Exponential,CDF,16,WORK_STEALING,0.339,1.399,4.127
Exponential,CDF,32,VECTORIZED,0.495,2.595,5.242
Exponential,CDF,64,VECTORIZED,0.663,5.119,7.721
Exponential,CDF,128,VECTORIZED,1.025,10.315,10.063
Exponential,CDF,256,VECTORIZED,1.853,20.14,10.869
Exponential,CDF,512,VECTORIZED,3.306,40.633,12.291
Exponential,CDF,1000,VECTORIZED,6.327,78.052,12.336
Exponential,CDF,2000,VECTORIZED,12.292,156.47,12.729
Exponential,CDF,5000,VECTORIZED,49.228,410.463,8.338
Exponential,CDF,10000,VECTORIZED,61.375,833.162,13.575
Exponential,CDF,20000,VECTORIZED,124.014,1631.022,13.152
Exponential,CDF,50000,WORK_STEALING,240.325,4066.975,16.923
Exponential,CDF,100000,WORK_STEALING,365.802,7974.139,21.799
Exponential,CDF,250000,WORK_STEALING,871.128,20058.659,23.026
Exponential,CDF,500000,WORK_STEALING,1359.51,41850.468,30.783
Exponential,LogPDF,8,WORK_STEALING,0.17,0.573,3.371
Exponential,LogPDF,16,WORK_STEALING,0.189,1.219,6.45
Exponential,LogPDF,32,WORK_STEALING,0.168,2.286,13.607
Exponential,LogPDF,64,WORK_STEALING,0.192,4.315,22.474
Exponential,LogPDF,128,WORK_STEALING,0.201,8.531,42.443
Exponential,LogPDF,256,WORK_STEALING,0.311,17.091,54.955
Exponential,LogPDF,512,WORK_STEALING,0.433,34.446,79.552
Exponential,LogPDF,1000,WORK_STEALING,0.8,62.306,77.882
Exponential,LogPDF,2000,WORK_STEALING,1.232,140.58,114.107
Exponential,LogPDF,5000,VECTORIZED,6.479,347.104,53.574
Exponential,LogPDF,10000,VECTORIZED,13.145,658.541,50.098
Exponential,LogPDF,20000,VECTORIZED,31.447,1391.531,44.25
Exponential,LogPDF,50000,VECTORIZED,78.644,3479.425,44.243
Exponential,LogPDF,100000,VECTORIZED,153.344,7038.834,45.902
Exponential,LogPDF,250000,WORK_STEALING,240.194,17279.27,71.939
Exponential,LogPDF,500000,WORK_STEALING,478.612,37426.234,78.197
Exponential,PDF,8,PARALLEL,0.245,0.736,3.004
Exponential,PDF,16,VECTORIZED,0.348,1.36,3.908
Exponential,PDF,32,VECTORIZED,0.42,2.734,6.51
Exponential,PDF,64,VECTORIZED,0.64,5.115,7.992
Exponential,PDF,128,VECTORIZED,1.019,9.97,9.784
Exponential,PDF,256,VECTORIZED,1.776,20.059,11.294
Exponential,PDF,512,VECTORIZED,3.321,42.323,12.744
Exponential,PDF,1000,VECTORIZED,6.016,82.407,13.698
Exponential,PDF,2000,WORK_STEALING,23.077,156.308,6.773
Exponential,PDF,5000,VECTORIZED,29.165,388.021,13.304
Exponential,PDF,10000,VECTORIZED,66.421,850.01,12.797
Exponential,PDF,20000,VECTORIZED,118.992,1597.88,13.428
Exponential,PDF,50000,WORK_STEALING,283.562,4130.232,14.566
Exponential,PDF,100000,WORK_STEALING,318.483,7979.458,25.055
Exponential,PDF,250000,WORK_STEALING,574.188,19971.144,34.782
Exponential,PDF,500000,PARALLEL,2107.483,40598.687,19.264
Gamma,CDF,8,WORK_STEALING,0.777,1.355,1.744
Gamma,CDF,16,WORK_STEALING,1.372,2.37,1.727
Gamma,CDF,32,WORK_STEALING,2.646,10.864,4.106
Gamma,CDF,64,WORK_STEALING,5.034,9.586,1.904
Gamma,CDF,128,WORK_STEALING,9.898,19.056,1.925
Gamma,CDF,256,WORK_STEALING,20.492,39.001,1.903
Gamma,CDF,512,WORK_STEALING,41.557,77.66,1.869
Gamma,CDF,1000,VECTORIZED,82.877,148.716,1.794
Gamma,CDF,2000,VECTORIZED,175.314,327.059,1.866
Gamma,CDF,5000,WORK_STEALING,392.814,775.302,1.974
Gamma,CDF,10000,WORK_STEALING,412.103,1559.241,3.784
Gamma,CDF,20000,WORK_STEALING,564.148,3205.865,5.683
Gamma,CDF,50000,WORK_STEALING,1159.759,8099.143,6.983
Gamma,CDF,100000,WORK_STEALING,2190.159,17986.594,8.212
Gamma,CDF,250000,WORK_STEALING,4971.674,42628.901,8.574
Gamma,CDF,500000,WORK_STEALING,9718.016,80414.95,8.275
Gamma,LogPDF,8,PARALLEL,0.294,0.802,2.728
Gamma,LogPDF,16,WORK_STEALING,0.37,1.412,3.816
Gamma,LogPDF,32,WORK_STEALING,0.602,2.582,4.289
Gamma,LogPDF,64,WORK_STEALING,1.012,5.159,5.098
Gamma,LogPDF,128,VECTORIZED,1.374,10.061,7.322
Gamma,LogPDF,256,VECTORIZED,2.303,20.508,8.905
Gamma,LogPDF,512,VECTORIZED,4.402,40.036,9.095
Gamma,LogPDF,1000,VECTORIZED,7.748,75.912,9.798
Gamma,LogPDF,2000,VECTORIZED,15.602,149.125,9.558
Gamma,LogPDF,5000,VECTORIZED,39.782,379.808,9.547
Gamma,LogPDF,10000,VECTORIZED,82.93,799.487,9.641
Gamma,LogPDF,20000,VECTORIZED,184.304,1679.974,9.115
Gamma,LogPDF,50000,WORK_STEALING,424.276,4237.671,9.988
Gamma,LogPDF,100000,WORK_STEALING,631.08,8144.265,12.905
Gamma,LogPDF,250000,WORK_STEALING,1310.03,22220.252,16.962
Gamma,LogPDF,500000,WORK_STEALING,2037.304,41248.908,20.247
Gamma,PDF,8,WORK_STEALING,0.405,1.465,3.617
Gamma,PDF,16,PARALLEL,0.639,2.693,4.214
Gamma,PDF,32,VECTORIZED,1.116,5.236,4.692
Gamma,PDF,64,VECTORIZED,1.45,10.126,6.983
Gamma,PDF,128,VECTORIZED,2.031,19.928,9.812
Gamma,PDF,256,VECTORIZED,3.551,40.134,11.302
Gamma,PDF,512,VECTORIZED,6.728,78.921,11.73
Gamma,PDF,1000,VECTORIZED,12.746,155.275,12.182
Gamma,PDF,2000,VECTORIZED,24.651,305.433,12.39
Gamma,PDF,5000,VECTORIZED,62.136,784.078,12.619
Gamma,PDF,10000,VECTORIZED,142.016,1663.879,11.716
Gamma,PDF,20000,VECTORIZED,252.097,3164.196,12.552
Gamma,PDF,50000,WORK_STEALING,550.224,8338.875,15.155
Gamma,PDF,100000,WORK_STEALING,815.179,16362.225,20.072
Gamma,PDF,250000,WORK_STEALING,1887.759,43199.275,22.884
Gamma,PDF,500000,WORK_STEALING,2690.037,83968.083,31.214
Gaussian,CDF,8,VECTORIZED,0.437,1.158,2.65
Gaussian,CDF,16,VECTORIZED,0.53,2.178,4.109
Gaussian,CDF,32,VECTORIZED,0.708,4.201,5.934
Gaussian,CDF,64,VECTORIZED,0.971,7.788,8.021
Gaussian,CDF,128,VECTORIZED,1.759,16.207,9.214
Gaussian,CDF,256,VECTORIZED,3.078,30.76,9.994
Gaussian,CDF,512,VECTORIZED,5.875,61.673,10.498
Gaussian,CDF,1000,VECTORIZED,11.177,120.232,10.757
Gaussian,CDF,2000,VECTORIZED,20.928,222.519,10.633
Gaussian,CDF,5000,VECTORIZED,51.718,577.889,11.174
Gaussian,CDF,10000,VECTORIZED,107.983,1179.511,10.923
Gaussian,CDF,20000,VECTORIZED,217.735,2380.148,10.931
Gaussian,CDF,50000,WORK_STEALING,505.507,5834.679,11.542
Gaussian,CDF,100000,WORK_STEALING,966.26,11530.301,11.933
Gaussian,CDF,250000,WORK_STEALING,2009.54,29237.648,14.549
Gaussian,CDF,500000,WORK_STEALING,4203.526,56470.298,13.434
Gaussian,LogPDF,8,PARALLEL,0.186,0.76,4.086
Gaussian,LogPDF,16,WORK_STEALING,0.209,1.425,6.818
Gaussian,LogPDF,32,WORK_STEALING,0.193,2.65,13.731
Gaussian,LogPDF,64,PARALLEL,0.192,4.634,24.135
Gaussian,LogPDF,128,PARALLEL,0.218,10.848,49.761
Gaussian,LogPDF,256,WORK_STEALING,0.276,18.148,65.754
Gaussian,LogPDF,512,WORK_STEALING,0.476,39.604,83.202
Gaussian,LogPDF,1000,WORK_STEALING,0.648,102.293,157.86
Gaussian,LogPDF,2000,WORK_STEALING,1.144,135.64,118.566
Gaussian,LogPDF,5000,VECTORIZED,3.462,346.132,99.98
Gaussian,LogPDF,10000,VECTORIZED,7.148,714.087,99.9
Gaussian,LogPDF,20000,VECTORIZED,18.392,1398.58,76.043
Gaussian,LogPDF,50000,VECTORIZED,56.415,3310.173,58.675
Gaussian,LogPDF,100000,VECTORIZED,110.79,6854.059,61.865
Gaussian,LogPDF,250000,WORK_STEALING,139.309,17031.612,122.258
Gaussian,LogPDF,500000,WORK_STEALING,266.186,34141.993,128.264
Gaussian,PDF,8,PARALLEL,0.258,0.742,2.876
Gaussian,PDF,16,PARALLEL,0.404,1.594,3.946
Gaussian,PDF,32,VECTORIZED,0.523,3.149,6.021
Gaussian,PDF,64,VECTORIZED,0.69,5.975,8.659
Gaussian,PDF,128,VECTORIZED,1.039,10.972,10.56
Gaussian,PDF,256,VECTORIZED,1.786,23.298,13.045
Gaussian,PDF,512,VECTORIZED,3.234,44.467,13.75
Gaussian,PDF,1000,VECTORIZED,5.857,91.826,15.678
Gaussian,PDF,2000,VECTORIZED,11.238,183.337,16.314
Gaussian,PDF,5000,VECTORIZED,25.877,429.949,16.615
Gaussian,PDF,10000,VECTORIZED,56.08,839.592,14.971
Gaussian,PDF,20000,VECTORIZED,113.836,1704.838,14.976
Gaussian,PDF,50000,WORK_STEALING,212.752,4177.111,19.634
Gaussian,PDF,100000,PARALLEL,410.351,8144.983,19.849
Gaussian,PDF,250000,WORK_STEALING,609.792,20566.641,33.727
Gaussian,PDF,500000,WORK_STEALING,1388.958,41996.946,30.236
Poisson,CDF,8,SCALAR,0.891,0.891,1.0
Poisson,CDF,16,SCALAR,1.814,1.814,1.0
Poisson,CDF,32,SCALAR,3.449,3.449,1.0
Poisson,CDF,64,WORK_STEALING,7.391,7.595,1.028
Poisson,CDF,128,SCALAR,13.714,13.714,1.0
Poisson,CDF,256,WORK_STEALING,26.893,27.897,1.037
Poisson,CDF,512,VECTORIZED,53.907,54.403,1.009
Poisson,CDF,1000,VECTORIZED,105.254,106.764,1.014
Poisson,CDF,2000,WORK_STEALING,215.93,226.508,1.049
Poisson,CDF,5000,WORK_STEALING,331.473,532.894,1.608
Poisson,CDF,10000,WORK_STEALING,550.599,1172.436,2.129
Poisson,CDF,20000,WORK_STEALING,632.566,2275.264,3.597
Poisson,CDF,50000,WORK_STEALING,1092.691,5784.786,5.294
Poisson,CDF,100000,WORK_STEALING,2312.967,11401.173,4.929
Poisson,CDF,250000,WORK_STEALING,5621.224,30257.435,5.383
Poisson,CDF,500000,WORK_STEALING,9753.425,57261.99,5.871
Poisson,LogPDF,8,VECTORIZED,0.289,0.834,2.886
Poisson,LogPDF,16,VECTORIZED,0.419,1.462,3.489
Poisson,LogPDF,32,WORK_STEALING,0.669,2.67,3.991
Poisson,LogPDF,64,WORK_STEALING,1.418,5.47,3.858
Poisson,LogPDF,128,WORK_STEALING,2.269,10.382,4.576
Poisson,LogPDF,256,WORK_STEALING,4.65,20.78,4.469
Poisson,LogPDF,512,VECTORIZED,8.958,39.894,4.453
Poisson,LogPDF,1000,VECTORIZED,17.076,78.797,4.614
Poisson,LogPDF,2000,WORK_STEALING,36.51,164.182,4.497
Poisson,LogPDF,5000,VECTORIZED,96.038,394.762,4.11
Poisson,LogPDF,10000,VECTORIZED,188.054,796.73,4.237
Poisson,LogPDF,20000,WORK_STEALING,295.354,1806.553,6.117
Poisson,LogPDF,50000,WORK_STEALING,390.385,4102.138,10.508
Poisson,LogPDF,100000,WORK_STEALING,575.865,8438.857,14.654
Poisson,LogPDF,250000,WORK_STEALING,1726.23,23842.146,13.812
Poisson,LogPDF,500000,WORK_STEALING,2434.694,44515.97,18.284
Poisson,PDF,8,VECTORIZED,0.511,1.019,1.994
Poisson,PDF,16,VECTORIZED,0.854,1.87,2.19
Poisson,PDF,32,VECTORIZED,1.457,3.645,2.502
Poisson,PDF,64,VECTORIZED,2.806,7.233,2.578
Poisson,PDF,128,VECTORIZED,5.174,13.763,2.66
Poisson,PDF,256,VECTORIZED,10.411,27.34,2.626
Poisson,PDF,512,VECTORIZED,20.283,52.993,2.613
Poisson,PDF,1000,VECTORIZED,38.864,104.857,2.698
Poisson,PDF,2000,WORK_STEALING,81.978,238.144,2.905
Poisson,PDF,5000,VECTORIZED,192.563,544.057,2.825
Poisson,PDF,10000,WORK_STEALING,283.063,1090.275,3.852
Poisson,PDF,20000,WORK_STEALING,386.54,2326.088,6.018
Poisson,PDF,50000,WORK_STEALING,534.823,5405.866,10.108
Poisson,PDF,100000,WORK_STEALING,991.194,11228.159,11.328
Poisson,PDF,250000,WORK_STEALING,1768.673,28455.89,16.089
Poisson,PDF,500000,WORK_STEALING,3935.375,58799.509,14.941
StudentT,CDF,8,WORK_STEALING,2.032,2.582,1.271
StudentT,CDF,16,WORK_STEALING,3.39,4.528,1.336
StudentT,CDF,32,VECTORIZED,7.239,9.516,1.315
StudentT,CDF,64,VECTORIZED,14.776,19.536,1.322
StudentT,CDF,128,PARALLEL,27.967,36.727,1.313
StudentT,CDF,256,PARALLEL,56.307,74.288,1.319
StudentT,CDF,512,VECTORIZED,114.5,155.491,1.358
StudentT,CDF,1000,PARALLEL,228.912,305.896,1.336
StudentT,CDF,2000,VECTORIZED,456.684,582.619,1.276
StudentT,CDF,5000,WORK_STEALING,1158.973,1628.848,1.405
StudentT,CDF,10000,VECTORIZED,2282.506,3342.026,1.464
StudentT,CDF,20000,VECTORIZED,4681.422,6682.219,1.427
StudentT,CDF,50000,WORK_STEALING,11964.562,15676.87,1.31
StudentT,CDF,100000,VECTORIZED,23224.341,32025.274,1.379
StudentT,CDF,250000,VECTORIZED,57617.375,75867.797,1.317
StudentT,CDF,500000,VECTORIZED,115474.922,153916.958,1.333
StudentT,LogPDF,8,VECTORIZED,0.443,0.82,1.851
StudentT,LogPDF,16,VECTORIZED,0.471,1.43,3.036
StudentT,LogPDF,32,VECTORIZED,0.546,2.834,5.19
StudentT,LogPDF,64,VECTORIZED,0.756,5.222,6.907
StudentT,LogPDF,128,VECTORIZED,1.197,9.859,8.236
StudentT,LogPDF,256,VECTORIZED,2.037,20.825,10.223
StudentT,LogPDF,512,VECTORIZED,3.799,42.045,11.067
StudentT,LogPDF,1000,VECTORIZED,7.082,80.64,11.387
StudentT,LogPDF,2000,VECTORIZED,13.895,162.475,11.693
StudentT,LogPDF,5000,VECTORIZED,37.082,499.626,13.474
StudentT,LogPDF,10000,VECTORIZED,73.491,899.599,12.241
StudentT,LogPDF,20000,VECTORIZED,166.474,1797.985,10.8
StudentT,LogPDF,50000,VECTORIZED,389.383,4421.506,11.355
StudentT,LogPDF,100000,PARALLEL,661.982,8920.513,13.475
StudentT,LogPDF,250000,PARALLEL,1163.776,20780.342,17.856
StudentT,LogPDF,500000,WORK_STEALING,2254.997,43528.122,19.303
StudentT,PDF,8,VECTORIZED,0.48,0.958,1.996
StudentT,PDF,16,VECTORIZED,0.537,1.706,3.177
StudentT,PDF,32,VECTORIZED,0.694,3.253,4.687
StudentT,PDF,64,VECTORIZED,1.076,6.052,5.625
StudentT,PDF,128,VECTORIZED,1.845,12.818,6.947
StudentT,PDF,256,VECTORIZED,3.257,64.3,19.742
StudentT,PDF,512,VECTORIZED,6.341,50.848,8.019
StudentT,PDF,1000,VECTORIZED,11.914,98.173,8.24
StudentT,PDF,2000,VECTORIZED,24.393,205.468,8.423
StudentT,PDF,5000,VECTORIZED,64.74,629.826,9.729
StudentT,PDF,10000,VECTORIZED,121.889,1162.008,9.533
StudentT,PDF,20000,VECTORIZED,240.398,2101.707,8.743
StudentT,PDF,50000,VECTORIZED,670.287,5394.263,8.048
StudentT,PDF,100000,PARALLEL,907.325,10983.479,12.105
StudentT,PDF,250000,WORK_STEALING,2071.162,25744.895,12.43
StudentT,PDF,500000,PARALLEL,4299.085,53410.095,12.424
Uniform,CDF,8,WORK_STEALING,0.194,0.762,3.928
Uniform,CDF,16,WORK_STEALING,0.195,1.216,6.236
Uniform,CDF,32,WORK_STEALING,0.205,2.383,11.624
Uniform,CDF,64,WORK_STEALING,0.253,5.045,19.941
Uniform,CDF,128,WORK_STEALING,0.321,10.13,31.558
Uniform,CDF,256,WORK_STEALING,0.333,18.843,56.586
Uniform,CDF,512,WORK_STEALING,0.836,38.476,46.024
Uniform,CDF,1000,VECTORIZED,1.36,70.979,52.19
Uniform,CDF,2000,WORK_STEALING,2.065,132.978,64.396
Uniform,CDF,5000,VECTORIZED,11.519,267.07,23.185
Uniform,CDF,10000,VECTORIZED,35.327,565.762,16.015
Uniform,CDF,20000,WORK_STEALING,47.649,1444.327,30.312
Uniform,CDF,50000,WORK_STEALING,95.622,3404.27,35.601
Uniform,CDF,100000,WORK_STEALING,184.461,7417.152,40.21
Uniform,CDF,250000,WORK_STEALING,415.733,18132.131,43.615
Uniform,CDF,500000,PARALLEL,1256.224,40287.186,32.07
Uniform,LogPDF,8,VECTORIZED,0.22,0.759,3.45
Uniform,LogPDF,16,VECTORIZED,0.171,1.204,7.041
Uniform,LogPDF,32,WORK_STEALING,0.189,2.394,12.667
Uniform,LogPDF,64,WORK_STEALING,0.238,4.906,20.613
Uniform,LogPDF,128,VECTORIZED,0.273,9.95,36.447
Uniform,LogPDF,256,WORK_STEALING,0.309,18.952,61.333
Uniform,LogPDF,512,VECTORIZED,0.391,37.011,94.657
Uniform,LogPDF,1000,WORK_STEALING,0.482,69.663,144.529
Uniform,LogPDF,2000,WORK_STEALING,0.831,143.565,172.762
Uniform,LogPDF,5000,VECTORIZED,2.971,342.25,115.197
Uniform,LogPDF,10000,VECTORIZED,5.925,542.895,91.628
Uniform,LogPDF,20000,VECTORIZED,8.467,1298.033,153.305
Uniform,LogPDF,50000,VECTORIZED,34.774,3669.92,105.536
Uniform,LogPDF,100000,VECTORIZED,69.231,6691.124,96.649
Uniform,LogPDF,250000,VECTORIZED,182.872,17324.342,94.735
Uniform,LogPDF,500000,VECTORIZED,486.83,35235.903,72.378
Uniform,PDF,8,VECTORIZED,0.142,0.592,4.169
Uniform,PDF,16,VECTORIZED,0.151,1.215,8.046
Uniform,PDF,32,VECTORIZED,0.153,2.359,15.418
Uniform,PDF,64,WORK_STEALING,0.2,5.058,25.29
Uniform,PDF,128,VECTORIZED,0.241,9.892,41.046
Uniform,PDF,256,WORK_STEALING,0.211,19.183,90.915
Uniform,PDF,512,VECTORIZED,0.302,37.051,122.685
Uniform,PDF,1000,VECTORIZED,0.716,73.276,102.341
Uniform,PDF,2000,VECTORIZED,1.028,136.502,132.784
Uniform,PDF,5000,VECTORIZED,1.885,310.142,164.532
Uniform,PDF,10000,VECTORIZED,3.427,524.805,153.138
Uniform,PDF,20000,VECTORIZED,10.867,1175.601,108.181
Uniform,PDF,50000,VECTORIZED,22.121,3442.679,155.629
Uniform,PDF,100000,VECTORIZED,67.679,6797.237,100.433
Uniform,PDF,250000,VECTORIZED,209.306,17564.354,83.917
Uniform,PDF,500000,VECTORIZED,402.518,35403.341,87.955
